itemId,category,name,rating,reviewContent,sentiment
100002528,beli-harddisk-eksternal,Kamal U.,5.0,bagus  mantap dah sesui pesanan,Positive
100002528,beli-harddisk-eksternal,yofanca m.,4.0,"Bagus, sesuai foto",Positive
100002528,beli-harddisk-eksternal,Lazada Customer,5.0,okkkkk mantaaaaaaapppp ... goood,Positive
100002528,beli-harddisk-eksternal,Lazada Customer,4.0,bagus sesuai,Positive
100002528,beli-harddisk-eksternal,Yosep M.,5.0,,Positive
100002528,beli-harddisk-eksternal,Deden,5.0,,Positive
100002528,beli-harddisk-eksternal,Yeana,5.0,,Positive
100002528,beli-harddisk-eksternal,nurfarida,1.0,bima,Negative
100003785,beli-harddisk-eksternal,Fadjar B.,1.0,baru 10 bulan layarnya dah bergaris,Negative
100003785,beli-harddisk-eksternal,agung p.,5.0,"Pesan rabu sore,minggu sore sampe,,barang sesuai specs mantab,tks lazada",Positive
100003785,beli-harddisk-eksternal,Hendra W.,5.0,,Positive
100004132,beli-harddisk-eksternal,Lazada Guest,1.0,"Mau tanya ini cicilnya pake apa ya,cc bkn?",Negative
100004132,beli-harddisk-eksternal,Yan M.,5.0,Apakah TV. Tsb. Suda ada anti gores..,Positive
100004505,beli-harddisk-eksternal,Andry M.,1.0,Pengirim barang tidak sesuai janji. Katanya express 1 hari. Dari hari jumat barang sampai hari rabu. SeMoga barangnya awet saja.,Negative
100004505,beli-harddisk-eksternal,Leonard,4.0,Kualitas ok,Positive
100004505,beli-harddisk-eksternal,Lazada Guest,1.0,"Bagaimana tv LED saya merek Sharp 24 hitam LC 24LE170i sekarang mati total baru 2 bln kemana saya harus menghubungi dan meminta bantuan mohon kebijakan dan solusinya ,, so,alnya masih garansi kepada pihak lazada saya mohon bantuannya terimakasih!!!",Negative
100004505,beli-harddisk-eksternal,Bun D.,3.0,Pengiriman super lama.. tapi datang juga sich,Neutral
100004505,beli-harddisk-eksternal,Fadoli,5.0,ok barang sampai dengan Baik.. smoga terus di pertahankan...,Positive
100004505,beli-harddisk-eksternal,Akun K.,5.0,,Positive
100004505,beli-harddisk-eksternal,rina,3.0,,Neutral
100004505,beli-harddisk-eksternal,Ega,5.0,,Positive
100004505,beli-harddisk-eksternal,Lazada Guest,5.0,Kalau mau cicilan gmna cra nya??,Positive
100004505,beli-harddisk-eksternal,Fitriyansah E.,5.0,barang sudah sampai dan bagus thanks lazada,Positive
100004505,beli-harddisk-eksternal,Lazada Guest,5.0,Pengiriman cepat sipplahhh.......,Positive
100005037,beli-harddisk-eksternal,Lazada Customer,5.0,Sampe Sekarang masih Ok ne laptop...,Positive
100006860,beli-harddisk-eksternal,DEUIS S.,5.0,,Positive
100006860,beli-harddisk-eksternal,Garna T.,3.0,,Neutral
100006860,beli-harddisk-eksternal,Muhammad R.,5.0,,Positive
100006860,beli-harddisk-eksternal,Aushaf,5.0,,Positive
100006860,beli-harddisk-eksternal,Lazada Guest,5.0,Pengiriman cepat..  Packaging good..  Barang oke. Thnks seller Thnks Lazada,Positive
100007498,beli-harddisk-eksternal,Amarullah,5.0,"Barang diterima dengan selamat.. Produk sesuai dengan deskripsi.. Barang nyape 3 hari ke pekanbaru,riau.. Terimakasih lazada dan kotakom pucang, laptopnya mantap..",Positive
100007498,beli-harddisk-eksternal,Hanurawan H.,5.0,,Positive
100010722,beli-harddisk-eksternal,Dwi,5.0,"Senang belanja disini,pelayanan oke,barang sesuai ekspektasi..order senin hari selasa malam udah nyampe + di settingin sxan sama kurirnya...pokoknya top deh..thanks Lazada",Positive
100010722,beli-harddisk-eksternal,Rosalina S.,4.0,belum test barangnya,Positive
100010722,beli-harddisk-eksternal,Wan D.,1.0,Sudah cape2 transfer tapi pesanan ditolak,Negative
100010722,beli-harddisk-eksternal,rusmana,5.0,,Positive
100010722,beli-harddisk-eksternal,Lazada Customer,3.0,,Neutral
100010722,beli-harddisk-eksternal,dini w.,5.0,,Positive
100010722,beli-harddisk-eksternal,dwi H.,5.0,,Positive
100010722,beli-harddisk-eksternal,HARYATI,5.0,,Positive
100010722,beli-harddisk-eksternal,firman S.,4.0,,Positive
100010722,beli-harddisk-eksternal,nirmala O.,4.0,,Positive
100010745,beli-harddisk-eksternal,Anggun W.,5.0,"Barang Ok, kualitas bagus dengan harga yg cukup miring, kualitas gambar juga ok, pengiriman lumayan, ga nyesel pokonya beli TV ini",Positive
100010745,beli-harddisk-eksternal,Fathin,5.0,Saya minat tapi kalau dikirim ke Gresik Jawa Timur bisa gak? Klo dr info pengiriman bebas tapi takut gk sampai.. Dan tanya apa ini sdh full HD apa blm? Terima kasih,Positive
100010745,beli-harddisk-eksternal,dendi i.,5.0,,Positive
100010745,beli-harddisk-eksternal,Eti A.,4.0,Pengn tivinya,Positive
100010745,beli-harddisk-eksternal,paramitha a.,5.0,,Positive
100010745,beli-harddisk-eksternal,Lazada Guest,5.0,Mantapppp barang nya,Positive
100010745,beli-harddisk-eksternal,Lazada Guest,3.0,Barang mulusss mantapppppp,Neutral
100015720,beli-harddisk-eksternal,Risa K.,5.0,,Positive
100015720,beli-harddisk-eksternal,Fuady S.,1.0,"Laptop ini memiliki spesifikasi yang bagus dan harga yang terjangkau, namun pada tab spesifikasi utama produk itu emang intel core i5 atau salah buat? Di judul dikatakan core i7",Negative
100015720,beli-harddisk-eksternal,Ramadhana,5.0,"Barang sampai dengan aman. Kemampuan laptop sesuai dengan yang di iklankan. Hanya saja, laptop datang dengan DOS sehingga harus di install sendiri windows nya. Overall, it's worth the money.",Positive
100015720,beli-harddisk-eksternal,Jendra,5.0,Barang sampai 2 hari dengan selamat dan sesuai deskripsi,Positive
100015720,beli-harddisk-eksternal,Ade P.,5.0,Harga sangat murah mantep banget,Positive
100015720,beli-harddisk-eksternal,Lazada Guest,3.0,Murah banget itu enga salah kasih harga tau2 nati salah kasi info barang nya,Neutral
100015720,beli-harddisk-eksternal,Lazada Guest,1.0,Barang udah sampai tapi pas dinyalain g bisa. Gmn pertanggung jawaban lazada?,Negative
100015720,beli-harddisk-eksternal,yusuf,5.0,,Positive
100024235,beli-harddisk-eksternal,Wulandary,5.0,,Positive
100024235,beli-harddisk-eksternal,Lazada Guest,4.0,Klo dp1jt tanpa kartu kredit bisa gk? Brp bln pembayarannya dan sebulannya brp? -TerimaKsh,Positive
100024235,beli-harddisk-eksternal,Lazada Guest,1.0,untuk pemasangan di tembok apa ad pihak dari lazada yg memasang'a ? terima kasih,Negative
100027053,beli-harddisk-eksternal,I K.,5.0,,Positive
100027329,beli-harddisk-eksternal,Yoga T.,5.0,"Kapasitas HDD asli 1 TB, dan tanpa ada lecet di saat saya pertama kali membuka bungkus bubble nya",Positive
100027329,beli-harddisk-eksternal,Heri K.,5.0,barang sesuai dengan gambar,Positive
100027329,beli-harddisk-eksternal,Lazada Guest,4.0,"HD diterima dg packing bubble bagus, hanya tidak tertulis, barang elektronik, atw keterangan lain, agar penanganan lebih hati2 dan istimewa, ketika paket dalam perjalanan. Finally, 4bintang lhah...",Positive
100027616,beli-harddisk-eksternal,ACHMAD F.,5.0,"Mantap gan Barang sampai dengan selamat , Packing rapih , pokok Mantap lah !",Positive
100027616,beli-harddisk-eksternal,Lazada Customer,5.0,,Positive
100027616,beli-harddisk-eksternal,Era A.,5.0,,Positive
100027616,beli-harddisk-eksternal,Bilqis,5.0,Oke,Positive
100028438,beli-harddisk-eksternal,Dimas D.,5.0,"Saya sangat puas dengan barang.nya, kualitas barang sangat membantu HDD saya apabila jatuh dari atas, dan pengiriman rapi gk ada lecet kasih bintang 5 :) Dan Saya sangat tidak puas dengan peng",Positive
100028438,beli-harddisk-eksternal,Pembeli,4.0,Barang diterima dengan kondisi yang baik tapi packagingnya kurang,Positive
100028438,beli-harddisk-eksternal,KHAIRUNNISA.SYAN,5.0,"Suka banget sama barangnya packing nya rapi, pokoknya recomended banget buat kalian yg mau beli tas hardisk dengan kulitas bagus yah di sini",Positive
100028438,beli-harddisk-eksternal,Devi P.,5.0,,Positive
100028438,beli-harddisk-eksternal,hady,5.0,,Positive
100028438,beli-harddisk-eksternal,Naufal Y.,5.0,,Positive
100030605,beli-harddisk-eksternal,Antonio G.,5.0,"Flashdisk ori, Packing bagus. Saya suka.Thx",Positive
100034104,beli-harddisk-eksternal,Lazada Customer,5.0,aman cepat pula,Positive
100034104,beli-harddisk-eksternal,Lazada Customer,5.0,,Positive
100034104,beli-harddisk-eksternal,Lazada Customer,4.0,Bagus ori kok cuma hanya aja 58 gb:( klo 63 gpp hilang 1 gb,Positive
100034104,beli-harddisk-eksternal,Ririn S.,1.0,kapasitasy kurang bagusss aturany klw kosong g bnyakkk firusss tpi nieh bnyakkk firusss sangat kecewe,Negative
100034104,beli-harddisk-eksternal,Asrinur A.,5.0,"Baguss bangett kurir nya jga ramah, cakep pula wkwk. Ini 64gb tp cmn 58 sekian gb tp gpp lah yah... Pokok nya recomended deh....",Positive
100034104,beli-harddisk-eksternal,ucen W.,5.0,produk dah sampai kemasan rapih pengiriman cepat barang  bagus pembayaran cod tidak perlu diragukan lagi üëçüëç,Positive
100034104,beli-harddisk-eksternal,ucen W.,5.0,barangnya bagus banget.. sesuai dengan gambar dn deskripsi.. pengiriman cepat.. bagus dn recomended bangt..üëç,Positive
100034104,beli-harddisk-eksternal,Andre A.,5.0,"packing tanpa bubble warp. fisik no minus. Cuma 58 GB, bukan 64. ya lumayan",Positive
100034104,beli-harddisk-eksternal,Hendrii R.,5.0,barang ok .. packing Rapii .. Kurir nya Ramahh .. Puass ..,Positive
100034104,beli-harddisk-eksternal,muchamad R.,5.0,produk original mantap semoga awet,Positive
100034104,beli-harddisk-eksternal,Budi,5.0,baik. sesuai ekspektasi.,Positive
100034104,beli-harddisk-eksternal,Lazada Customer,5.0,üëçüëçüëç,Positive
100034104,beli-harddisk-eksternal,Lazada Customer,5.0,,Positive
100034104,beli-harddisk-eksternal,Lazada Customer,4.0,,Positive
100034104,beli-harddisk-eksternal,Lazada Customer,5.0,,Positive
100034104,beli-harddisk-eksternal,Brian A.,5.0,,Positive
100034104,beli-harddisk-eksternal,pratiwi,5.0,,Positive
100034104,beli-harddisk-eksternal,Dede A.,5.0,,Positive
100034104,beli-harddisk-eksternal,Izzal R.,5.0,,Positive
100034104,beli-harddisk-eksternal,Lazada Customer,5.0,Barang nya oke makasih,Positive
100034104,beli-harddisk-eksternal,Ahmad K.,5.0,Tumben ninja cepat pengirimannya,Positive
100034104,beli-harddisk-eksternal,Sudarso,5.0,,Positive
100034104,beli-harddisk-eksternal,ganirogy,5.0,barang asli dan original terimakasih maju terus toko jet store,Positive
100034104,beli-harddisk-eksternal,Fadhila U.,5.0,"Flashdisk nya bagus, sesuai picture, barang cepat sampai, kurir ramah",Positive
100034104,beli-harddisk-eksternal,ferry P.,5.0,oke... mudah2an awet dan ga crash belum sempet d coba,Positive
100034104,beli-harddisk-eksternal,wisnu D.,5.0,kapasitas cumA 58 gb ajaaaaa....  huft...,Positive
100034104,beli-harddisk-eksternal,Lazada Customer,4.0,katanya 64 GB nyatanya cuman 58 GB,Positive
100034104,beli-harddisk-eksternal,Irine S.,5.0,"thks ya barang sdh sampai,smga cocok",Positive
100034104,beli-harddisk-eksternal,Winarso Y.,5.0,siippp...thank lazada,Positive
100034104,beli-harddisk-eksternal,Irman A.,5.0,udah di trima ...barang OK Moga awet...,Positive
100034104,beli-harddisk-eksternal,Indra S.,5.0,josss tenan,Positive
100034104,beli-harddisk-eksternal,lidia M.,5.0,,Positive
100034104,beli-harddisk-eksternal,Samuel P.,5.0,,Positive
100034104,beli-harddisk-eksternal,Lazada Customer,5.0,,Positive
100034104,beli-harddisk-eksternal,Lazada Customer,5.0,,Positive
100034104,beli-harddisk-eksternal,Herlina L.,5.0,,Positive
100034104,beli-harddisk-eksternal,Recvy,5.0,"Ini ori, bagus tahan lama masih saya pake",Positive
100034104,beli-harddisk-eksternal,Sucipto B.,1.0,kampret kaga kebaca!!,Negative
100034104,beli-harddisk-eksternal,Lazada Customer,5.0,,Positive
100034104,beli-harddisk-eksternal,Ari A.,5.0,,Positive
100034104,beli-harddisk-eksternal,Sandi,5.0,,Positive
100034104,beli-harddisk-eksternal,Lazada Customer,5.0,barang bagus quick respon hari ini pesan besok sudah sampai,Positive
100034104,beli-harddisk-eksternal,Asep P.,4.0,,Positive
100034104,beli-harddisk-eksternal,Muhammad I.,4.0,,Positive
100034104,beli-harddisk-eksternal,Tarmudi,5.0,brang cukup bagus,Positive
100034104,beli-harddisk-eksternal,Reuther J.,5.0,,Positive
100034104,beli-harddisk-eksternal,Siti F.,5.0,,Positive
100034104,beli-harddisk-eksternal,Mhd W.,5.0,,Positive
100034104,beli-harddisk-eksternal,Dias P.,5.0,,Positive
100034104,beli-harddisk-eksternal,Lazada Customer,3.0,,Neutral
100034104,beli-harddisk-eksternal,Lazada Customer,5.0,Sip mantap,Positive
100034104,beli-harddisk-eksternal,bay H.,5.0,,Positive
100034104,beli-harddisk-eksternal,purwati,5.0,,Positive
100034104,beli-harddisk-eksternal,Lazada Customer,5.0,,Positive
100034104,beli-harddisk-eksternal,Lazada Customer,5.0,,Positive
100034104,beli-harddisk-eksternal,Lazada Customer,5.0,,Positive
100034104,beli-harddisk-eksternal,Putra A.,5.0,,Positive
100034104,beli-harddisk-eksternal,Lie M.,5.0,,Positive
100034104,beli-harddisk-eksternal,Tumpal S.,5.0,,Positive
100034104,beli-harddisk-eksternal,Aldino W.,5.0,,Positive
100034104,beli-harddisk-eksternal,anggi A.,5.0,,Positive
100034104,beli-harddisk-eksternal,Ahmad F.,5.0,,Positive
100034104,beli-harddisk-eksternal,Nama P.,5.0,,Positive
100034104,beli-harddisk-eksternal,Pupung A.,5.0,bagus ori!,Positive
100034104,beli-harddisk-eksternal,Bambang G.,5.0,,Positive
100034104,beli-harddisk-eksternal,Lazada Customer,5.0,,Positive
100034104,beli-harddisk-eksternal,ardi R.,5.0,,Positive
100034104,beli-harddisk-eksternal,THE N.,5.0,,Positive
100034104,beli-harddisk-eksternal,selvi H.,5.0,,Positive
100034104,beli-harddisk-eksternal,Siti S.,5.0,,Positive
100034104,beli-harddisk-eksternal,Lazada Customer,5.0,,Positive
100034104,beli-harddisk-eksternal,Desy C.,5.0,,Positive
100034104,beli-harddisk-eksternal,Saleh H.,5.0,,Positive
100034104,beli-harddisk-eksternal,Novan A.,5.0,,Positive
100034104,beli-harddisk-eksternal,Aobhie H.,5.0,real good,Positive
100034104,beli-harddisk-eksternal,Dwi P.,5.0,,Positive
100034104,beli-harddisk-eksternal,Kejar K.,3.0,,Neutral
100034104,beli-harddisk-eksternal,Yulianto A.,3.0,,Neutral
100034104,beli-harddisk-eksternal,Satria F.,5.0,,Positive
100034104,beli-harddisk-eksternal,*i. P.,5.0,,Positive
100034104,beli-harddisk-eksternal,Ketut W.,5.0,bagus,Positive
100034104,beli-harddisk-eksternal,Maswa A.,5.0,,Positive
100034104,beli-harddisk-eksternal,abdul M.,5.0,good,Positive
100034104,beli-harddisk-eksternal,muhamad N.,5.0,,Positive
100034104,beli-harddisk-eksternal,sri H.,5.0,,Positive
100034104,beli-harddisk-eksternal,Jesa J.,5.0,,Positive
100034104,beli-harddisk-eksternal,Lazada Customer,5.0,,Positive
100034104,beli-harddisk-eksternal,Sriyana,3.0,,Neutral
100034104,beli-harddisk-eksternal,Leonard P.,5.0,,Positive
100034104,beli-harddisk-eksternal,Lazada Customer,5.0,,Positive
100034104,beli-harddisk-eksternal,bondan I.,5.0,,Positive
100034117,beli-harddisk-eksternal,Lazada Customer,2.0,,Negative
100036366,beli-harddisk-eksternal,Lazada Customer,2.0,"pengiriman sangat lama, tgl 19 di pesan, tgl 22 barang baru dikemas, tgl 23 baru diambil ekspedisi, tgl 25 baru sampai. Masih dijabotabek tapi lama.",Negative
100036366,beli-harddisk-eksternal,hadiyanto,1.0,"barang tanpa kemasan, tanpa pelindung apapun, hanya dus tv saja, liat dusnya sobek dikit sudah mulai curiga, kayaknya pecah ini, eeeeellllaaaa pas dibuka pecah beneran, BAD SELLER, BENER BENER BAD SELLER MAU UNTUNG AJA, tanpa peduli keadaan produk , kalo gak ada untung n pelit pakingan ya jgn jualan ....barang sudah retur , mudah mudahan barangnya cepat di kirim lg d",Negative
100036366,beli-harddisk-eksternal,Fajar H.,4.0,"Barang diterima pada hari akhir yg dijadwalkan, yaitu malam hari. Kondisi barang terlindungi dengan packing bawaan unit.  Kualitas unit adalah kualitas Sharp. Semoga awet. Bila unit ini dikirim dari gudang Lazada di Bogor, mestinya bisa lebih cpt tiba, bukan pada hari akhir yg dijadwalkan karena alamat tujuan juga di Bogor.",Positive
100036366,beli-harddisk-eksternal,aryanto,4.0,masukan saja.. klo bisa packingnya jangan asal.. dikasih buble wrap minimal.. ini cuma dipacking pakai plastik biasa.. sempet khawatir pecah.. tpi untung gk terjadi . ..,Positive
100036366,beli-harddisk-eksternal,Heri S.,5.0,,Positive
100036366,beli-harddisk-eksternal,Abdul A.,4.0,pesanan sesuai dgn yg di gambar .....skrg sy lg coba smoga awet...,Positive
100036366,beli-harddisk-eksternal,Edi S.,2.0,Pengiriman tidak sesuai tanggal yang tertera,Negative
100036366,beli-harddisk-eksternal,Lazada Customer,5.0,sesuai... no tipu2,Positive
100036366,beli-harddisk-eksternal,Pohin,5.0,barang ok packing rapih,Positive
100036366,beli-harddisk-eksternal,Nilam R.,5.0,"Barangnya sampai dengan cepat, bagus, terimakasih lazada.",Positive
100036366,beli-harddisk-eksternal,Pohin,5.0,"pengiriman cepat packirng rapih harga murah, free ongkir",Positive
100036366,beli-harddisk-eksternal,ming F.,5.0,mantapp barang nya sesuai pesanan,Positive
100036366,beli-harddisk-eksternal,kiky p.,1.0,Jangan pernah beli disini..parah banget..barang belum sampe udh 2 mi ggu alesan nya gak jelas gangguan dll..,Negative
100036366,beli-harddisk-eksternal,Muhammad A.,1.0,hati hati ini tv ga bisa pake USB,Negative
100036366,beli-harddisk-eksternal,Kusnadi,3.0,,Neutral
100036366,beli-harddisk-eksternal,Lazada Customer,5.0,,Positive
100036366,beli-harddisk-eksternal,Yan T.,5.0,,Positive
100036366,beli-harddisk-eksternal,ARIF B.,5.0,,Positive
100036366,beli-harddisk-eksternal,Akasia P.,5.0,,Positive
100036366,beli-harddisk-eksternal,Indah P.,5.0,,Positive
100036366,beli-harddisk-eksternal,tjhong K.,5.0,,Positive
100036366,beli-harddisk-eksternal,Jovan R.,5.0,,Positive
100036366,beli-harddisk-eksternal,Harris H.,5.0,,Positive
100036366,beli-harddisk-eksternal,Lukas P.,5.0,,Positive
100036366,beli-harddisk-eksternal,Harris H.,5.0,,Positive
100036366,beli-harddisk-eksternal,Harris H.,5.0,,Positive
100036366,beli-harddisk-eksternal,Harris H.,5.0,,Positive
100036366,beli-harddisk-eksternal,lukas P.,5.0,,Positive
100036366,beli-harddisk-eksternal,lukas P.,5.0,,Positive
100036366,beli-harddisk-eksternal,Hendry,5.0,,Positive
100036366,beli-harddisk-eksternal,tjhong K.,5.0,,Positive
100036366,beli-harddisk-eksternal,Lukas P.,5.0,puas,Positive
100036366,beli-harddisk-eksternal,Akasia P.,4.0,,Positive
100036366,beli-harddisk-eksternal,Akasia P.,4.0,,Positive
100036366,beli-harddisk-eksternal,Lukas P.,4.0,,Positive
100036366,beli-harddisk-eksternal,Lukas P.,4.0,,Positive
100036366,beli-harddisk-eksternal,Akasia P.,4.0,puas,Positive
100036366,beli-harddisk-eksternal,Jie L.,5.0,,Positive
100036366,beli-harddisk-eksternal,Akasia P.,4.0,,Positive
100036366,beli-harddisk-eksternal,Akasia P.,4.0,,Positive
100036366,beli-harddisk-eksternal,Akasia P.,4.0,,Positive
100036366,beli-harddisk-eksternal,Akasia P.,4.0,,Positive
100036366,beli-harddisk-eksternal,yoppy H.,5.0,,Positive
100036366,beli-harddisk-eksternal,ming F.,5.0,mantap,Positive
100036366,beli-harddisk-eksternal,ming F.,4.0,mantap,Positive
100036366,beli-harddisk-eksternal,teno,4.0,,Positive
100036366,beli-harddisk-eksternal,Salbiah,5.0,,Positive
100036366,beli-harddisk-eksternal,Lazada Customer,5.0,,Positive
100036366,beli-harddisk-eksternal,Soleh h.,5.0,,Positive
100036366,beli-harddisk-eksternal,dede S.,1.0,,Negative
100036366,beli-harddisk-eksternal,Lazada Guest,3.0,Sangat puas dengan produknya. Terimakasih..,Neutral
100036366,beli-harddisk-eksternal,Amel F.,5.0,,Positive
100036366,beli-harddisk-eksternal,Maharaja H.,4.0,,Positive
100036366,beli-harddisk-eksternal,Risa W.,5.0,,Positive
100038665,beli-harddisk-eksternal,Fitriyansyah,5.0,"Memuaskan, produk sesuai deskripsi, packing bagus, dan penerimaan produk cepat untuk saya yg berada di jkt",Positive
100038665,beli-harddisk-eksternal,Sahrul A.,3.0,"Kenapa chargernya tidak lengkap....?? G bisa langsung dipakai buat charger..., kita harus nyari dan beli lagi sambungan buat chargernya.., tolong d bantu",Neutral
100038665,beli-harddisk-eksternal,Dani,1.0,Ini spek ram.nya 2GB atau 4GB,Negative
100042741,beli-harddisk-eksternal,Rayndra A.,1.0,"GAN SAYA SARANKAN UNTUK LEBIH BERHATI-HATI DALAM MEMBELI, FLASHDISK YANG DIKIRIM KE SAYA ADALAH FLASHDISK REKONDISI (DAUR ULANG BEKAS).  JANGAN TERTIPU OLEH HARGA. MAS DOSA MAS BOHONG. DI FLASHDISKNYA ADA TULISAN NAMA ""ARYO"" YANG SENGAJA DIHAPUS TP KURANG BERSIH. FILE YANG DIKIRIM KE FLASHDISK JUGA ERROR. MAKAN DUIT HARAM MAS. KENYANG TP GA BERKAH.",Negative
100042741,beli-harddisk-eksternal,Satya P.,2.0,"Barang cepat sampainya. Kualitas FD kurang bagus, file yang di copy sering corrupt.",Negative
100042741,beli-harddisk-eksternal,Hendri,1.0,Palsu,Negative
100042741,beli-harddisk-eksternal,Devvy A.,5.0,,Positive
100042741,beli-harddisk-eksternal,DHEA P.,5.0,VERY GOOD,Positive
100042741,beli-harddisk-eksternal,Tjan H.,1.0,"korup terus klo di copy ke fd,mengecewakan",Negative
100047783,beli-harddisk-eksternal,ni P.,5.0,,Positive
100052565,beli-harddisk-eksternal,Pieter C.,5.0,"hardisknya keren, pelindungnya kokoh , udah ada aplikasi transcend elitenya di dalam untuk enkripsi thanks seller and lazada",Positive
100052565,beli-harddisk-eksternal,zara,4.0,"Sampainya agak lama tapi puas, packing rapi dan pas dateng warnanya biru seneng banget gan hehe. Top deh semoga awet barangnya",Positive
100052565,beli-harddisk-eksternal,Maesaroh,5.0,"Trims Lazada & reseller, , barang sdh saya terima senin siang, penigiriman sesuai dengan yg di informasikan.",Positive
100052565,beli-harddisk-eksternal,Uli,5.0,sesuai spek yg saya mau.. jd oke lah,Positive
100052565,beli-harddisk-eksternal,bahari,5.0,barangnya bagus.  rapi tidak mengecewakan.  akan tetapi bagus kalau ada Bonus pouch nya.  hehhe,Positive
100052565,beli-harddisk-eksternal,Temon,5.0,"barang udah sampe gunn,, masih segell dari pabriknya,, mangstabb,,",Positive
100052565,beli-harddisk-eksternal,Yaya S.,5.0,barang tlah diterima kondisi baik,Positive
100052565,beli-harddisk-eksternal,Fidel A.,5.0,,Positive
100052565,beli-harddisk-eksternal,Mbah K.,5.0,mantap,Positive
100052565,beli-harddisk-eksternal,Anggun B.,5.0,,Positive
100052565,beli-harddisk-eksternal,Lazada Customer,5.0,,Positive
100052565,beli-harddisk-eksternal,Harun Z.,4.0,,Positive
100052565,beli-harddisk-eksternal,Lazada Customer,5.0,,Positive
100055947,beli-harddisk-eksternal,Nicho P.,5.0,"Barang sesuai deskripsi,penjual ramah,respon cepat..",Positive
100055947,beli-harddisk-eksternal,Muhammad R.,5.0,"Packaging rapi, flashdiksnya ORI, kapasitasnya sesuai dengan detail produk yang dicantumkan dan foto dengan barangnya sesuai + barangnya datang sesuai tepat waktu. Makasih ya.. üòò",Positive
100055947,beli-harddisk-eksternal,Johann S.,5.0,"flashdisknya sudah diterima dengan baik. kapasitas total 58,544,586,752 bytes dengan FAT32. menjadi 62,885,724,160 bytes kalau diformat dengan exFAT. write speed 10MB/s dan read 30 MB/s dengan port USB 2.0, belum dicoba dengan port usb 3.0.",Positive
100055947,beli-harddisk-eksternal,Dian A.,5.0,"Terima kasih, barang bagus dan respon penjual sgt baik.",Positive
100055947,beli-harddisk-eksternal,Elisa P.,5.0,"Barang sudah diterima dgn baik. Packing rapih. Tp isinya cuma 58GB. Selebihnya, oke",Positive
100055947,beli-harddisk-eksternal,Michael O.,5.0,pas cocok buat anda semua. bgus. sesuai deskripsi.,Positive
100055947,beli-harddisk-eksternal,Warya,5.0,,Positive
100055947,beli-harddisk-eksternal,Wawan D.,4.0,,Positive
100055947,beli-harddisk-eksternal,Lazada Customer,5.0,,Positive
100055947,beli-harddisk-eksternal,Siti N.,5.0,,Positive
100055947,beli-harddisk-eksternal,Lazada Customer,5.0,,Positive
100055947,beli-harddisk-eksternal,Birger,5.0,,Positive
100055947,beli-harddisk-eksternal,ANWAR T.,5.0,,Positive
100055947,beli-harddisk-eksternal,ahmad T.,5.0,,Positive
100055947,beli-harddisk-eksternal,Novi A.,5.0,PUAS,Positive
100055947,beli-harddisk-eksternal,achmad J.,5.0,,Positive
100055947,beli-harddisk-eksternal,Yanti,5.0,"flashdisk 64gb casing metal, baguss",Positive
100061038,beli-harddisk-eksternal,Lazada Customer,5.0,,Positive
100061038,beli-harddisk-eksternal,Lazada Customer,5.0,,Positive
100061038,beli-harddisk-eksternal,rizki E.,5.0,Sesuai deskripsi,Positive
100061038,beli-harddisk-eksternal,fauzi A.,5.0,"barang dah sampai, makasih",Positive
100061038,beli-harddisk-eksternal,Lazada Customer,5.0,mantap barang gak minus sama sekali,Positive
100061038,beli-harddisk-eksternal,Febian M.,5.0,"pengiriman cepat, packing cukup bagus",Positive
100061038,beli-harddisk-eksternal,Dirawan,5.0,Biarkan bintang yang berbicara ... üëåüëç,Positive
100061038,beli-harddisk-eksternal,Erwin J.,5.0,"Barangnya ok, cepat sampai",Positive
100061038,beli-harddisk-eksternal,Lazada Customer,5.0,"Pengirimannya cepat, produk baik",Positive
100061038,beli-harddisk-eksternal,Chandra K.,5.0,Barang  sesuai dengan deskripsi dan berfungsi baik.,Positive
100061038,beli-harddisk-eksternal,Lazada Customer,5.0,"sampai cepat, barang sesuai.",Positive
100061038,beli-harddisk-eksternal,dwi S.,4.0,dikirim hari berikutnya dan barang mulus,Positive
100061038,beli-harddisk-eksternal,Andrari G.,5.0,,Positive
100061038,beli-harddisk-eksternal,tetty N.,5.0,,Positive
100061038,beli-harddisk-eksternal,Septria I.,5.0,,Positive
100061038,beli-harddisk-eksternal,Dave M.,5.0,,Positive
100061038,beli-harddisk-eksternal,Fabiola A.,5.0,,Positive
100061038,beli-harddisk-eksternal,Lenka B.,5.0,,Positive
100061038,beli-harddisk-eksternal,Lazada Customer,5.0,,Positive
100061038,beli-harddisk-eksternal,Anggoro E.,5.0,,Positive
100061038,beli-harddisk-eksternal,Zaldy C.,5.0,,Positive
100061038,beli-harddisk-eksternal,Lazada Customer,5.0,,Positive
100061038,beli-harddisk-eksternal,Willyanda N.,5.0,,Positive
100061038,beli-harddisk-eksternal,herry P.,5.0,oke,Positive
100061038,beli-harddisk-eksternal,Erlin D.,5.0,,Positive
100061038,beli-harddisk-eksternal,Lazada Customer,4.0,baik,Positive
100061038,beli-harddisk-eksternal,inge,5.0,,Positive
100061038,beli-harddisk-eksternal,Atika N.,5.0,,Positive
100061038,beli-harddisk-eksternal,SURYAWAN,5.0,,Positive
100072071,beli-harddisk-eksternal,Alwan P.,2.0,ram 8gb atau 4gb?,Negative
100086255,beli-harddisk-eksternal,Kurniawan,5.0,"TV LED dengan pilihan input yang lengkap (HDMI, DV, VGA). Kami beli untuk keperluan kantor yang penggunaannya bisa multi-source. Panasonic satu-satunya merk yang menyediakan fasilitas ini (sepanjang pengetahuan kami). Kualitas gambar juga bagus, dengan bezel tipis yang memberikan kesan ""lega"" ... extra bracket memudahkan pemasangan di dinding. Bravo Panasonic!",Positive
100086255,beli-harddisk-eksternal,Adi h.,5.0,,Positive
100086255,beli-harddisk-eksternal,hanif s.,5.0,Cuma butuh waktu 12 jam unit tiba.. thks,Positive
100086255,beli-harddisk-eksternal,Rosana U.,1.0,Mau cicilan gmn caranya6,Negative
100086255,beli-harddisk-eksternal,Lazada Guest,3.0,Nyicil dengan cara mudah prosesnya susah nggak,Neutral
100086255,beli-harddisk-eksternal,Lazada Guest,5.0,Pokonya puas..,Positive
100087269,beli-harddisk-eksternal,Muhammad R.,5.0,"Puas bgt pengiriman sesuai jadwal, barang bagus, packing rapih buat maen game enak bgt hihii, murah lagi, tenkyu lazada",Positive
100087269,beli-harddisk-eksternal,Gani R.,3.0,Saya igin pesan tapi packingnya kalo bisa harus rapih dan aman jadi barang terlindungi. Untuk saat ini bintang 3 nanti kalo barangnya udah diterima dan bagis jadi 5 bintang,Neutral
100094378,beli-harddisk-eksternal,Theodore L.,4.0,,Positive
100094942,beli-harddisk-eksternal,Lazada Customer,3.0,"Saya kurang yakin produk ini genuine karena hologramnya pun tidak ada dan kartu garansinya pun tidak ada..hanya keterangan saja di dusnya bahwa barang ini Original Resmi Indonesia Bergaransi ..dengan diberi nomor telpon Service Centernya.... Memory yang tersedia ternyata juga tidak sampai 2 TB tetapi 1.81 TB  selisih 0.19 TB ...besar banget selisihnya..tidak mungkin juga terpakai untuk sistemnya sampai begitu banyak...tapi tidak begitu masalah...  Eksternal hardisk ini bekerja bagus, cepat dan  Hadiah hardcase cukup bagus  untuk melindungi barang  ini dari debu dan benturan. Sayangnya saat di registrasi ke Official Webnya WD ternyata Identification Numbernya tidak dikenal..tidak valid...alias barang ini bukan asli..alias KW.. Seller responsif sayangnya tidak memberitahu asli tidaknya barang ini. Pengiriman terhitung cepat..dalam 2 hari barang sudah di tangan.. Mudah2an saja barang ini awet wslaupun tdk original",Neutral
100094942,beli-harddisk-eksternal,Lazada Customer,3.0,barang bagus peking rapih. gua rekomendasikan banget lah klo barangnya.cma sayang pengiriman lama kaya ampas jne dioper sana sini barang gua ga ga muncul2 harus di komplen dlu cs ny kali baru ngerti. mending buat pengiriman lain deh lbi bgus,Neutral
100094942,beli-harddisk-eksternal,Dovicky A.,5.0,"Mantab, speed konsisten, total size asli 1.81gb, pas. Sejauh ini masih normal digunakan. Nice job seller n Lazada üëçüèª",Positive
100094942,beli-harddisk-eksternal,Ruli W.,1.0,"barang belum terima....pihak lazada bilang sidah diterima. cek di JNE lhoksukon aceh utara barang tidak ada...ada masalah, petigasnya tdk ramah, dan tdk ada solusk. mana yg benar. email ke CS JNE sama CS Lazada tdk ada reapon. bagaimana nasih barang saya harga 1 jt an",Negative
100094942,beli-harddisk-eksternal,Keong I.,5.0,Smuanya mntap..,Positive
100094942,beli-harddisk-eksternal,Yuli S.,5.0,"pengiriman cepat, hr ini kirin lusa udh terima. packing rapi pake bubble jg. kwalitas product oke. Tq.",Positive
100094942,beli-harddisk-eksternal,Lazada Customer,5.0,,Positive
100094942,beli-harddisk-eksternal,denys T.,5.0,Saya rekomendasikan beli disini,Positive
100094942,beli-harddisk-eksternal,Lazada Customer,5.0,,Positive
100094942,beli-harddisk-eksternal,Rusli C.,5.0,sudah sampaiii,Positive
100094942,beli-harddisk-eksternal,Lazada Customer,5.0,"warna sesuai pesanan, spek persis, ok dah",Positive
100094942,beli-harddisk-eksternal,faesal K.,4.0,"thanks, respon cepat Hdd Ext 2TB sampai sesuai pesanan.",Positive
100094942,beli-harddisk-eksternal,Rahmat M.,5.0,"Original, Packing rapi.",Positive
100094942,beli-harddisk-eksternal,tetty N.,5.0,Barang good condition and delivery ok,Positive
100094942,beli-harddisk-eksternal,Tias A.,1.0,,Negative
100094942,beli-harddisk-eksternal,Januar A.,5.0,,Positive
100094942,beli-harddisk-eksternal,Elida S.,5.0,,Positive
100094942,beli-harddisk-eksternal,saepudin,5.0,,Positive
100094942,beli-harddisk-eksternal,Lazada Customer,5.0,mantap,Positive
100094942,beli-harddisk-eksternal,Lazada Customer,5.0,,Positive
100094942,beli-harddisk-eksternal,Yusuf W.,5.0,,Positive
100094942,beli-harddisk-eksternal,Lazada Customer,5.0,,Positive
100094942,beli-harddisk-eksternal,yudho S.,5.0,,Positive
100094942,beli-harddisk-eksternal,Lazada Customer,5.0,,Positive
100094942,beli-harddisk-eksternal,Benivan J.,5.0,,Positive
100094942,beli-harddisk-eksternal,Ervan I.,5.0,,Positive
100094942,beli-harddisk-eksternal,Albert A.,5.0,barang oke,Positive
100094942,beli-harddisk-eksternal,Lazada Customer,5.0,,Positive
100094942,beli-harddisk-eksternal,Lazada Customer,5.0,,Positive
100094942,beli-harddisk-eksternal,Lazada Customer,5.0,,Positive
100094942,beli-harddisk-eksternal,Andhy H.,5.0,,Positive
100094942,beli-harddisk-eksternal,Lazada Customer,4.0,,Positive
100094942,beli-harddisk-eksternal,Arif W.,5.0,,Positive
100094942,beli-harddisk-eksternal,Bill L.,5.0,,Positive
100094942,beli-harddisk-eksternal,Lazada Customer,5.0,,Positive
100094942,beli-harddisk-eksternal,Lazada Customer,5.0,,Positive
100094942,beli-harddisk-eksternal,Lazada Customer,5.0,,Positive
100094942,beli-harddisk-eksternal,Lazada Customer,5.0,,Positive
100094942,beli-harddisk-eksternal,Winnie K.,5.0,,Positive
100094942,beli-harddisk-eksternal,Herda W.,5.0,,Positive
100110786,beli-harddisk-eksternal,Vian B.,4.0,"Foto produk sesuai dengan asli. Warna birunya bagus. Saya pesan, dan bayar produk ini pada tanggal 21 Oktober 2018, dan produk ini datang pada tanggal 23 Oktober 2018 dalam kondisi baik, dan berfungsi untuk Macbook Pro saya meskipun saya harus format dahulu. Saya mendapat bonus poket untuk external HDD saya ini. Mudah-mudahan produk ini awet. Terima kasih Lazada.",Positive
100110786,beli-harddisk-eksternal,Lazada Customer,5.0,"Packing rapi dan pengiriman tepat waktu. Sejauh ini berfungsi dengan baik, harapannya semoga awet ni barangüôè",Positive
100110786,beli-harddisk-eksternal,Deni A.,5.0,"Barangnya bagus, kecil/compaq, dan packing baik",Positive
100110786,beli-harddisk-eksternal,Thomas D.,5.0,good Product with reasonable Price,Positive
100110786,beli-harddisk-eksternal,Lazada Customer,5.0,,Positive
100110786,beli-harddisk-eksternal,arisp,5.0,,Positive
100110786,beli-harddisk-eksternal,Ahmad H.,5.0,,Positive
100110786,beli-harddisk-eksternal,Lazada Customer,5.0,,Positive
100110786,beli-harddisk-eksternal,Lazada Customer,5.0,,Positive
100110786,beli-harddisk-eksternal,emilham M.,5.0,,Positive
100110786,beli-harddisk-eksternal,Fan T.,5.0,,Positive
100110786,beli-harddisk-eksternal,Lazada Customer,5.0,,Positive
100110786,beli-harddisk-eksternal,Lazada Customer,5.0,,Positive
100110786,beli-harddisk-eksternal,Aaron,4.0,,Positive
100110786,beli-harddisk-eksternal,Riky P.,5.0,,Positive
100110786,beli-harddisk-eksternal,njoo H.,5.0,,Positive
100110786,beli-harddisk-eksternal,Lazada Customer,5.0,,Positive
100110786,beli-harddisk-eksternal,sanriko,5.0,,Positive
100110786,beli-harddisk-eksternal,Lazada Customer,5.0,,Positive
100110786,beli-harddisk-eksternal,Suyudi S.,5.0,,Positive
100110786,beli-harddisk-eksternal,Lazada Customer,5.0,,Positive
100110786,beli-harddisk-eksternal,Philip D.,5.0,,Positive
100111226,beli-harddisk-eksternal,Juventia D.,5.0,,Positive
100125285,beli-harddisk-eksternal,Indra P.,5.0,"Packing Rapi, kualitas oke, fitur2 persis seperti deskripsi, desain keren... cuma yg kurang puas di segi kecepatan transfer hanya mentok di 9-10 Mb/s",Positive
100125285,beli-harddisk-eksternal,jhonay,1.0,"Gmn nih lazada saya liat iklannya flashdisk tapi yg dikirim koq malah flashdrive,,,,mohon penjelasannya,,barang sdh saya buka.....saya br x ini kecewa",Negative
100125285,beli-harddisk-eksternal,Eko p.,5.0,"Smua yang di ulasan bener smua apa mreka kata, kapasitas terbaca 29.5GB karena terpakai sistem, pengiriman lebih cepat dari extimasi",Positive
100125285,beli-harddisk-eksternal,Nyoman A.,5.0,"barang sdh diterima, pengirimannya cepat, data yg terbaca 29.1GB (iya karena space 32GB tdk terbaca 32GB full) terima kasih atas fast responnya, n barangnya ori.",Positive
100125285,beli-harddisk-eksternal,Dede R.,5.0,"Pengiriman cepet  , tapi tranfer failnya lemot",Positive
100125285,beli-harddisk-eksternal,Abdul R.,4.0,flashdisknya bagus tapi jatoh sama teman akhirnya rusak untuk mengeluarkan nya,Positive
100125285,beli-harddisk-eksternal,Lazada Customer,5.0,"Cepet sampai, barang asli, bagus lah. Thanks LAZADA",Positive
100125285,beli-harddisk-eksternal,Adriyansyah,5.0,BARANG CEPAT CUMA 2 HARI GARANSI RESMI MANTABB,Positive
100125285,beli-harddisk-eksternal,Hofur S.,4.0,"Cepet sampai 1 hari udah sampai,, barang bagus gk cepet panas walau di pake lama,, pokoknya mantab",Positive
100125285,beli-harddisk-eksternal,Isnaini,5.0,Bagus. Packing rapi. Modelnya aku suka. Thanks lazada!,Positive
100125285,beli-harddisk-eksternal,Rio S.,5.0,"Barang bagus, pertahankan",Positive
100125285,beli-harddisk-eksternal,SAFAR,4.0,"Barangnya sudah saya terima , kondisi sangat baik  Trimakasih Lazada",Positive
100125285,beli-harddisk-eksternal,Ega D.,4.0,Produk oke dan Original by Datascrip tapi sayang kapasitas bersihnya 29GB,Positive
100125285,beli-harddisk-eksternal,Meilinda H.,5.0,"pengiriman cepet, barang bagus, transfer data lebih cepat daripada tipe Cruzer Switch",Positive
100125285,beli-harddisk-eksternal,Sayyuda F.,5.0,produk mantap sesuai deskripsi,Positive
100125285,beli-harddisk-eksternal,Auliya E.,5.0,,Positive
100125285,beli-harddisk-eksternal,randy,4.0,,Positive
100125285,beli-harddisk-eksternal,Barnabas A.,5.0,,Positive
100125285,beli-harddisk-eksternal,Lazada Customer,5.0,,Positive
100125285,beli-harddisk-eksternal,Mujiyono,5.0,,Positive
100125285,beli-harddisk-eksternal,T_rezky,5.0,,Positive
100125285,beli-harddisk-eksternal,Ramadhan W.,5.0,,Positive
100125285,beli-harddisk-eksternal,Ismail,5.0,,Positive
100125285,beli-harddisk-eksternal,Akbar ÔøΩ.,5.0,,Positive
100125285,beli-harddisk-eksternal,Iqbal Z.,5.0,,Positive
100125285,beli-harddisk-eksternal,Ficky,5.0,Good,Positive
100125285,beli-harddisk-eksternal,Niken D.,5.0,,Positive
100125285,beli-harddisk-eksternal,Siti R.,5.0,,Positive
100125285,beli-harddisk-eksternal,Hasan B.,5.0,,Positive
100125294,beli-harddisk-eksternal,Lazada Customer,5.0,produk sesuai pengiriman cepat,Positive
100125294,beli-harddisk-eksternal,David A.,5.0,Produk Bagus,Positive
100125294,beli-harddisk-eksternal,Lazada Customer,5.0,barang sangat bagus trimakasih,Positive
100125294,beli-harddisk-eksternal,Dwi D.,2.0,Barang yg dikirim tidak seperti yang di gambar,Negative
100125294,beli-harddisk-eksternal,Muhammad A.,4.0,Barang yg sampe Cruzer yg biasa tidak sesuai di gambar tapi size-nya 64GB,Positive
100125294,beli-harddisk-eksternal,Tarmudi,5.0,cukup bagus,Positive
100125294,beli-harddisk-eksternal,Nur H.,5.0,,Positive
100125294,beli-harddisk-eksternal,jefi m.,5.0,,Positive
100125294,beli-harddisk-eksternal,Lazada Guest,2.0,Knpa prosesnya lama? Apa gagal atau sya harus pesan lagi,Negative
100125304,beli-harddisk-eksternal,wahid y.,1.0,Barang saya ko gaada ya? Padahal saya ngasih alamatnya bener dan saya cek di situs jnenya alamat tujuannya kok salah? Mohon diperiksa kembali.. saya beli barang bebarengan dengan yang lain yg lainnya udh sampai tapi beli di sini gaada barangnya sampai sekarang..,Negative
100125304,beli-harddisk-eksternal,Lazada Customer,3.0,kecewa alias barang aspal ya lumayan buat isi mp3 sih banyak lagunya,Neutral
100125304,beli-harddisk-eksternal,Dian k.,1.0,"flashdisk 64gb tpi isi cm 2gb,gk bs dipakai",Negative
100125304,beli-harddisk-eksternal,Achmad M.,1.0,Tidak bisa berfungsi menyimpan data,Negative
100125304,beli-harddisk-eksternal,Giacinta,1.0,"Barang tidak pernah sampai yg hitam,yg putih ga bisa dipake",Negative
100125304,beli-harddisk-eksternal,Aysa,1.0,"Pengiriman lama, warna yang dateng putih bukan hitam",Negative
100125304,beli-harddisk-eksternal,ERNI T.,5.0,,Positive
100125304,beli-harddisk-eksternal,jumari,5.0,,Positive
100125304,beli-harddisk-eksternal,Mengulas s.,1.0,"KRN PESANAN TDK SESUAI DENGAN KIRIMANNYA ,DR WARNA SAJA SAYA PESAN HITAM DIKIRM PUTIH DAN TIDAK BISA DIPAKAI DI LABTOP ANAK SAYA . SEHARUSNYA TIDAH SEPERTI ITU YAH",Negative
100125304,beli-harddisk-eksternal,dwi h.,1.0,,Negative
100125311,beli-harddisk-eksternal,ridwan,1.0,"Flashdisk saat dicopy file yg kebaca setengah doang,  ud mana beli 2, saya tertipu pantes g garansi, hati hati untuk yg mau beli",Negative
100125311,beli-harddisk-eksternal,surya a.,1.0,"Ketika barang datang, masih di luar kota. 2 minggubkemudian baru cek barang. Dari awal muncul pertanyaan karena di pembungkusnya sendiri tulisannya toshiba kapasitas 8 GB, sedangkan di Flashdisk memang tertulis 64 GB. Setelah dicoba untuk kopi file, ternyata banyak yang failed. Dan yang berhasil dikopi ternyata juga tidak dapat dibuka. Sepertinya ini hanyalah produk gagal buatan OEM yang dibuat asal-asalan untuk dijual murah. Dan pihak toko terlanjur membeli dalam jumlah banyak kemudian berusaha menjual dengan segala cara.",Negative
100125311,beli-harddisk-eksternal,dhini m.,1.0,rusak gk bisa dipakai üò¢ kapok,Negative
100125311,beli-harddisk-eksternal,Adha S.,1.0,Ga bisa dipakai...,Negative
100125311,beli-harddisk-eksternal,Fernando,1.0,Barangnya lama sekali,Negative
100125311,beli-harddisk-eksternal,Nurwanto,5.0,,Positive
100125311,beli-harddisk-eksternal,Muhammad B.,5.0,,Positive
100125311,beli-harddisk-eksternal,Sonny H.,1.0,,Negative
100133210,beli-harddisk-eksternal,Helmy A.,1.0,"produk jauh dari yang diharapkan, sangat kecewa.",Negative
100133210,beli-harddisk-eksternal,Niar Q.,5.0,,Positive
100133210,beli-harddisk-eksternal,Tri P.,3.0,,Neutral
100139725,beli-harddisk-eksternal,Lazada Customer,1.0,Kok dapet nya warna biru,Negative
100139725,beli-harddisk-eksternal,ayu,5.0,,Positive
100154846,beli-harddisk-eksternal,aryadi,5.0,"Barang diterima cepat, seller n lazada pelayanan bagus.. kemasan rapi kasih plastik tebal lagi, good.. tvnya cakep sesuai gambar n speknya, display cukuplah sesuai.. sempat ada baut casing lepas dikencangkan ternyata bisa,,  recomended buat yang nyari.. :)",Positive
100154846,beli-harddisk-eksternal,Lazada Customer,5.0,,Positive
100154846,beli-harddisk-eksternal,Amira R.,4.0,Ini tv jg bs jadi monitor pc kan?,Positive
100154897,beli-harddisk-eksternal,Lazada Guest,5.0,Boleh kredit bang,Positive
100169437,beli-harddisk-eksternal,Liana,5.0,1 HARI ORDER BESOK LANGSUNG SAMPAI FAST RESPON FAST SELLER,Positive
100169437,beli-harddisk-eksternal,Liana,5.0,biar bintang yang berbicara,Positive
100169437,beli-harddisk-eksternal,Kusnadi,5.0,bagus barangnya‚≠ê‚≠ê‚≠ê‚≠ê‚≠ê,Positive
100169437,beli-harddisk-eksternal,Kusnadi,5.0,Mantab.... Reseller nya... Pengiriman cepat dan pakingan ok... Thank's... Reseller dan lazada... Sukses selalu.... Buat reseller dan lazada....,Positive
100169437,beli-harddisk-eksternal,Chandra,5.0,,Positive
100169437,beli-harddisk-eksternal,Hendra C.,5.0,,Positive
100183475,beli-harddisk-eksternal,Lazada Customer,5.0,"packing dan barangnya Ok, namun bonus pouch ukurannya terlalu kecil untuk tempat hardisk nya",Positive
100183475,beli-harddisk-eksternal,Lazada Customer,5.0,,Positive
100183475,beli-harddisk-eksternal,Lazada Customer,5.0,,Positive
100183475,beli-harddisk-eksternal,Lazada Customer,5.0,,Positive
100183475,beli-harddisk-eksternal,agung s.,5.0,,Positive
100184344,beli-harddisk-eksternal,Wisnu V.,2.0,"Pengiriman cepat. Kualitas gambar bagus, terutama kualitas suaranya oke. DVB T2 berfungsi baik. Cuma remote ada yg error. Tombol source tidak fungsi, jd kalau mau ganti ke usb, hdmi atau lainnya mesti pencet tombol fisik di tvnya. Sudah minta ganti ke seller, malah disuruh contact Aquanya. Kata Aqua kalau remote rusak dan baru beli bisa minta ganti ke tokonya. Ribet deh dipingpong...üò§",Negative
100184344,beli-harddisk-eksternal,Sindar J.,3.0,,Neutral
100191938,beli-harddisk-eksternal,Desy N.,3.0,Ini layar sentuh bukan yah?,Neutral
100191938,beli-harddisk-eksternal,juliyana,1.0,Saya pesan uang sdah d transfer tapi barng tdk sampai,Negative
100191938,beli-harddisk-eksternal,Haji A.,5.0,"Bagi Yang Minat Order/Pesan Barang Kami,Silahkan Add WhatsApp/WA.085200343400..Langsung Dari Reseller Toko..Terimah Kasih.",Positive
100191938,beli-harddisk-eksternal,Haji A.,5.0,"Bagi Yang Minat Order/Pesan Barang Kami,Silahkan Add WhatsApp/WA.085200343400..Langsung Dari Reseller Toko..Terimah Kasih.",Positive
100191938,beli-harddisk-eksternal,lazada.co.id,5.0,"Hi. Sist/Gan, Stocknya.. Masih Ready.? INFORMASI PRODUK KAMI.! Silahkan chat +add: WhatsApp : 0852-5468-9727 ‚àö‚óé Respon cepat, Aman & Terpercaya. ‚àö‚óé Pengiriman VIA : JNE & TIKI. ,?SELLER Resmi LAZADA.! Terima Kasih.",Positive
100191938,beli-harddisk-eksternal,Kalina,5.0,"Untuk info buat pelanggan setia kami di karenakan lazada slow respon cepat aman dan terpercaya,kami buka orderan pemesanan beli 1 garatis 1 melalui via whatsapp/wa:085250720044",Positive
100191938,beli-harddisk-eksternal,Haji A.,5.0,"Bagi Yang Minat Order/Pesan Barang Kami,Silahkan Add WhatsApp/WA.085200343400..Langsung Dari Reseller Toko..Terimah Kasih.",Positive
100191938,beli-harddisk-eksternal,Haji A.,5.0,"Bagi Yang Minat Order/Pesan Barang Kami, Untuk Lebih Memastikan Silahkan Add WhatsApp/WA 085200343400..Langsung Dari Reseller Toko..Terimah Kasih.",Positive
100191938,beli-harddisk-eksternal,Haji A.,5.0,"Bagi Yang Minat Order/Pesan Barang Kami, Untuk Lebih Memastikan Silahkan Add WhatsApp/WA 085200343400..Langsung Dari Reseller Toko..Terimah Kasih.",Positive
100191938,beli-harddisk-eksternal,Haji A.,5.0,"Bagi Yang Minat Order/Pesan Barang Kami, Untuk Lebih Memastikan Silahkan Add WhatsApp/WA 085200343400..Langsung Dari Reseller Toko..Terimah Kasih.",Positive
100191938,beli-harddisk-eksternal,Haji A.,5.0,"Bagi Yang Minat Order/Pesan Barang Kami, Untuk Lebih Memastikan Silahkan Add WhatsApp/WA 085200343400..Langsung Dari Reseller Toko..Terimah Kasih.",Positive
100191938,beli-harddisk-eksternal,Lazada Guest,1.0,Klu cicilan gmn cranya yah,Negative
100191938,beli-harddisk-eksternal,Lazada Guest,4.0,Saya dari Sumba Timur-Waingapu...,Positive
100191938,beli-harddisk-eksternal,Lazada Guest,5.0,Cara.. Kredit nya bagaimana,Positive
100191938,beli-harddisk-eksternal,Lazada Guest,3.0,Bisa di cicil gak,Neutral
100191938,beli-harddisk-eksternal,Lazada Guest,5.0,Laptop nya bagus,Positive
100191938,beli-harddisk-eksternal,zalwa,5.0,,Positive
100191938,beli-harddisk-eksternal,Lazada Guest,1.0,Tidak bisa di kurangi ya biar jadi 1.000000,Negative
100191938,beli-harddisk-eksternal,Ad,3.0,Ini berapa inci ya layarnya,Neutral
100191938,beli-harddisk-eksternal,Lazada Guest,1.0,Ini bayar di tempat apa tidak?,Negative
100191938,beli-harddisk-eksternal,Lazada Guest,3.0,Bayar ditempat?,Neutral
100191938,beli-harddisk-eksternal,Lazada Guest,1.0,Caranya gmn ya,Negative
100191938,beli-harddisk-eksternal,Lazada Guest,4.0,Rizi,Positive
100191956,beli-harddisk-eksternal,Eko S.,5.0,,Positive
100192021,beli-harddisk-eksternal,joko b.,1.0,"Ditulis khusus jabodetabek,tp tersedia diwilyah lampung... dibeli tp dicancel krn diluar daerah. Klo gk bisa harusnya dtulis tdk tersedia diwil.anda..",Negative
100192021,beli-harddisk-eksternal,Nursih H.,3.0,Gmana caranya klw mau ikut kredit di lazada...??,Neutral
100192021,beli-harddisk-eksternal,Yulia,1.0,Bisa kiri. Ke kota blitar tidak?!,Negative
100192021,beli-harddisk-eksternal,Lazada Guest,2.0,Klw.di kirim k karawang bisa gak?,Negative
100198730,beli-harddisk-eksternal,Fitra R.,2.0,Gambarnya tidak keliatan,Negative
100213091,beli-harddisk-eksternal,Putu R.,5.0,,Positive
100213091,beli-harddisk-eksternal,Lazada Customer,5.0,,Positive
100216044,beli-harddisk-eksternal,Lazada Customer,5.0,"Terimakasih, barang nya memuaskan semoga awet juga",Positive
100216044,beli-harddisk-eksternal,Sutan,5.0,,Positive
100216044,beli-harddisk-eksternal,Paris S.,5.0,,Positive
100216044,beli-harddisk-eksternal,Suwito W.,5.0,,Positive
100216044,beli-harddisk-eksternal,Santi D.,5.0,Mantuulll,Positive
100216044,beli-harddisk-eksternal,Lazada Customer,5.0,,Positive
100216044,beli-harddisk-eksternal,Aliks A.,4.0,,Positive
100235496,beli-harddisk-eksternal,Viqri H.,5.0,"Makasih gan,tapi produk nya saya mesen yang 16GB dateng nya mlh yang 32GB,mungkin slh masukin produk",Positive
100235496,beli-harddisk-eksternal,VIDIFFA F.,5.0,,Positive
100235739,beli-harddisk-eksternal,Lazada Customer,5.0,alhamdulillah ....puas.wlau pengirimannya   hmpr mlm...tpi semuanya ok.,Positive
100235739,beli-harddisk-eksternal,Mujari,5.0,"Barangnya bagus,suara dan gambar jernih mudah mudahan awet,pengepakanya rapi,datang tepat waktu,kurirnya juga ramah.makasih Lazadd",Positive
100235739,beli-harddisk-eksternal,Salman A.,5.0,"Barang cukup memuaskan, seller responsif,packing aman karena dari kayu yah.. tpi pengirimannya agak sedikit lama, tpi its ok, yang penting barang sudah sampai",Positive
100235739,beli-harddisk-eksternal,Herdy S.,5.0,"Packing rapih dan aman banget barangnya, pengiriman cepat (hari ini order, besok langsung dateng). Pokonya seller recommended, dari segi harga juga bersaing. :) ;) :D",Positive
100235739,beli-harddisk-eksternal,Herman N.,1.0,"TV nya sudah datang alhamdulillah, amin.",Negative
100235739,beli-harddisk-eksternal,Martha P.,5.0,produknya sesuai dgn gambar... puas bgt,Positive
100235739,beli-harddisk-eksternal,Zelly Y.,5.0,,Positive
100235739,beli-harddisk-eksternal,Lazada Customer,5.0,,Positive
100235739,beli-harddisk-eksternal,maudi S.,5.0,"tv,a bagus bngt, layar,a jga jernih bngt",Positive
100235739,beli-harddisk-eksternal,Lazada Customer,5.0,,Positive
100235739,beli-harddisk-eksternal,asyifa S.,5.0,,Positive
100235739,beli-harddisk-eksternal,Silvinurul,5.0,,Positive
100235739,beli-harddisk-eksternal,Myda S.,5.0,"puas sama.produknya, bagus n berkualitas",Positive
100235739,beli-harddisk-eksternal,Dzakira A.,5.0,,Positive
100235739,beli-harddisk-eksternal,Lazada Customer,5.0,,Positive
100235739,beli-harddisk-eksternal,Diki R.,5.0,,Positive
100235739,beli-harddisk-eksternal,Yuni L.,5.0,,Positive
100235739,beli-harddisk-eksternal,siti K.,5.0,good job,Positive
100235739,beli-harddisk-eksternal,wiwi,4.0,,Positive
100235739,beli-harddisk-eksternal,siti K.,5.0,,Positive
100235739,beli-harddisk-eksternal,Ryan N.,5.0,bgs...,Positive
100235739,beli-harddisk-eksternal,andri S.,5.0,,Positive
100235739,beli-harddisk-eksternal,muhamad A.,5.0,,Positive
100235739,beli-harddisk-eksternal,Sur M.,5.0,Siip,Positive
100235739,beli-harddisk-eksternal,Angga,4.0,,Positive
100235739,beli-harddisk-eksternal,Ferawati D.,5.0,,Positive
100268501,beli-harddisk-eksternal,Chaeira P.,5.0,Aku puas banget sama layanan di Lazada. Pengirimannya cepat. Barangnya juga gak lecet sedikit pun. Terimakasih Lazada....,Positive
100268501,beli-harddisk-eksternal,Lazada Guest,5.0,Min RAM nya emang segitu?,Positive
100305829,beli-harddisk-eksternal,Lazada Customer,5.0,barang asli dan sesuai,Positive
100305829,beli-harddisk-eksternal,Liana,5.0,biar bintang yang berbicara,Positive
100305829,beli-harddisk-eksternal,Didik M.,5.0,,Positive
100306249,beli-harddisk-eksternal,Robby,5.0,"WD My Passport 4TB, harga paling murah dibanding tempat lain (sudah cek online dan offline), barang bagus (sudah di cek total kapasitas 3.64TB), original (bisa di-register ke web WD nya untuk garansi 3 thn), diberi beberapa software utility free diantaranya WD Security (untuk protect HD agar tdk bisa dibuka orang lain) dan ada bonus pouch, lumayan buat tempat HD nya. :)",Positive
100306249,beli-harddisk-eksternal,Hendra C.,5.0,,Positive
100309395,beli-harddisk-eksternal,Saki,5.0,"Order Mi Notebook Air Gold 12.5 inch sampai sesuai harapan. Barangnya asli, packagingnya aman, bagus, sellernya informatif, cepat dikirimnya dan sudah ready terinstall dengan windows 10 english version. Terima kasih banyak seller :)",Positive
100309395,beli-harddisk-eksternal,Sonny G.,5.0,"Pengiriman barang ternyata sangat cepat. Hari ke-2 barang sudah diterima dalam keadaan baik. Packing rapih dan setelah dicek, laptop bekerja sesuai harapan. Terima kasih atas layanannya yang sangat baik",Positive
100309395,beli-harddisk-eksternal,Lazada Guest,5.0,"Pengirimannya benar-benar top, packingnya rapi dan aman. Barangnya oke..Windowsnya udah pakai Win 10 English version... Top deh...",Positive
100309395,beli-harddisk-eksternal,Candra H.,5.0,Lebih keren dari perkiraan awal.. Windows 10 sudah dikonfersi ke bahasa inggris.. Mantab..,Positive
100309395,beli-harddisk-eksternal,PASKALIS V.,5.0,,Positive
100309395,beli-harddisk-eksternal,Eddy H.,5.0,,Positive
100309395,beli-harddisk-eksternal,Lazada Guest,5.0,Gan kok gak dapat di kirm ke NAD. Disitu tertulis barang ini tidak dapat di kirim ke lokasi anda,Positive
100309395,beli-harddisk-eksternal,IVO S.,5.0,"Mbak/ mas kabari ya barang kalau udah ready stok, saya rencana mau order. Mkasih",Positive
100310127,beli-harddisk-eksternal,Miranda G.,5.0,Pelayanannya baik,Positive
100310127,beli-harddisk-eksternal,Dessy P.,5.0,,Positive
100338045,beli-harddisk-eksternal,Muhammad A.,5.0,,Positive
100338987,beli-harddisk-eksternal,Setyo W.,5.0,Pengiriman cepat barang di terima dengan baik dan lengkap langsung coba... dapat bonus USB LED dll. Recommended Seller,Positive
100338987,beli-harddisk-eksternal,Fardyan C.,5.0,"Barang bagus, awet sampai sekarang",Positive
100338987,beli-harddisk-eksternal,U S.,5.0,"pemasangan anti virus oleh pihak WD secara online, dibantu memasang juga, mantap #Lazadaterpercaya",Positive
100338987,beli-harddisk-eksternal,Lia N.,3.0,"Pengiriman cpt smp.  Produk bagus, sesuai gambar. Trims...",Neutral
100338987,beli-harddisk-eksternal,Kurnia R.,5.0,,Positive
100339807,beli-harddisk-eksternal,Lazada Customer,5.0,,Positive
100339807,beli-harddisk-eksternal,Aditya F.,4.0,"Saya kira antivirusnya ada kasetnya, eh ternyata cuma dikasih nomor serial disuruh download sendiri. Overall bagus lah, pengiriman cepat cuma 1 hari datang",Positive
100339807,beli-harddisk-eksternal,Yamani S.,5.0,hrg bersaing bagus,Positive
100339807,beli-harddisk-eksternal,Inge,5.0,"bagus koq. cm gak pake antivirusnya aja, ribet sih :D",Positive
100339807,beli-harddisk-eksternal,Jimmy,5.0,,Positive
100339807,beli-harddisk-eksternal,Tantri Y.,5.0,,Positive
100339807,beli-harddisk-eksternal,Boby,3.0,,Neutral
100339807,beli-harddisk-eksternal,Luki M.,5.0,ntaps,Positive
100344408,beli-harddisk-eksternal,Nurkamal,2.0,"Barang sudah diterima dan pengiriman lumayan cepat, tapi ada 2 hal yg harus penjual perhatikan: 1. di etalase tv dijual dengan bonus free Braket, tapi yang datang cuma tv nya doang braketnya ga ada, 2. ongkir tercantum Rp 200.000 saya kirim sesuai yg tercantum, tp pas di cek di resi yang tercantum oleh ekspedisi Cobra ternyara cuma 75.000. tetep konsumen yang dirugikan. toko ini jadi catatan buat saya kecuali menylesaikannya",Negative
100344408,beli-harddisk-eksternal,Lazada Guest,3.0,"TV nya udh seminggu blm sampai juga, Sepertinya harus meningkatkan pengiriman nya lebih diperhatikan supaya sampai sesuai estimasi, thanks",Neutral
100344408,beli-harddisk-eksternal,Lazada Guest,5.0,"Ini bisa nonton, dengar music, liat poto via usb gk??",Positive
100344408,beli-harddisk-eksternal,Rendy R.,1.0,,Negative
100347655,beli-harddisk-eksternal,qorny,5.0,sesuai pesanan.  bagus.  thanks gan,Positive
100347655,beli-harddisk-eksternal,Nicky S.,5.0,Produk dgn pesanan no 3288859132 sudah diterima,Positive
100347655,beli-harddisk-eksternal,sokhibun N.,5.0,,Positive
100347655,beli-harddisk-eksternal,Mardi E.,5.0,,Positive
100348611,beli-harddisk-eksternal,Lazada Customer,5.0,Ok sesuai sm deksripsi,Positive
100356012,beli-harddisk-eksternal,Windi W.,5.0,"alhamdulillah barang sampai dengan aman karna peking yang bagus.. semoga barang awet, selalu amanah dan lancar rejekinya amiin ü§≤",Positive
100356012,beli-harddisk-eksternal,Lazada Customer,5.0,"sesuai dengan pesanan, semoga awet ya",Positive
100356012,beli-harddisk-eksternal,Lazada Customer,4.0,,Positive
100356012,beli-harddisk-eksternal,Indra W.,5.0,"kualitas ori, kapasitas sesuao dengan dekripsinya",Positive
100356012,beli-harddisk-eksternal,Najmy U.,5.0,barang bagus dengan harga ok,Positive
100356012,beli-harddisk-eksternal,aditya M.,5.0,,Positive
100356012,beli-harddisk-eksternal,Muhamad A.,4.0,Barang bagus dan berfungsi,Positive
100356012,beli-harddisk-eksternal,Lazada Customer,1.0,virus shortcut,Negative
100356012,beli-harddisk-eksternal,Herman K.,5.0,"packing ok, barang sesuai deskripsi.",Positive
100356012,beli-harddisk-eksternal,Lazada Customer,3.0,barangnya tiba dengan selamat & cepat. tapi kemasan otg nya nggak memuaskan.,Neutral
100356012,beli-harddisk-eksternal,Lazada Customer,5.0,Siiplah pokonya.. Thanks lazada,Positive
100356012,beli-harddisk-eksternal,Atin S.,5.0,"mudah2 n awet barang nya,,ada hologram nya",Positive
100356012,beli-harddisk-eksternal,ahmad A.,4.0,,Positive
100356012,beli-harddisk-eksternal,Lazada Customer,5.0,,Positive
100356012,beli-harddisk-eksternal,Bahri S.,4.0,"Suka bgt barangx mulus lus lus and berfungsi dgan baik, thanks Lazada",Positive
100356012,beli-harddisk-eksternal,Junaedi A.,5.0,"Barang sampe sesuai pada waktu nya, packingan rapi. Terima kasih Lazada.",Positive
100356012,beli-harddisk-eksternal,Ade S.,5.0,,Positive
100356012,beli-harddisk-eksternal,Siska Y.,5.0,,Positive
100356012,beli-harddisk-eksternal,Totok A.,5.0,,Positive
100356012,beli-harddisk-eksternal,Devi K.,5.0,,Positive
100356012,beli-harddisk-eksternal,Lutvi A.,5.0,,Positive
100356012,beli-harddisk-eksternal,Ameirisa W.,5.0,,Positive
100356012,beli-harddisk-eksternal,Donal D.,5.0,,Positive
100356012,beli-harddisk-eksternal,Lazada Customer,5.0,,Positive
100356012,beli-harddisk-eksternal,Lazada Customer,5.0,,Positive
100356012,beli-harddisk-eksternal,Daryono,5.0,,Positive
100356012,beli-harddisk-eksternal,Lazada Customer,5.0,,Positive
100356012,beli-harddisk-eksternal,Lazada Customer,5.0,,Positive
100363390,beli-harddisk-eksternal,ayi M.,4.0,mudah2n awet amin,Positive
100363390,beli-harddisk-eksternal,Lazada Customer,4.0,warna tidak sesuai,Positive
100363390,beli-harddisk-eksternal,Lazada Customer,5.0,,Positive
100363390,beli-harddisk-eksternal,Asep S.,5.0,,Positive
100363390,beli-harddisk-eksternal,Martina S.,4.0,,Positive
100363390,beli-harddisk-eksternal,Fajar I.,4.0,,Positive
100363390,beli-harddisk-eksternal,desak M.,1.0,,Negative
100363400,beli-harddisk-eksternal,Moch.Mughni,4.0,eliminasi 2 hari packing rapi tapi warna gak sesuai yang di ingini tapi barang normal work,Positive
100363400,beli-harddisk-eksternal,Lazada Customer,5.0,,Positive
100363400,beli-harddisk-eksternal,Tonny Z.,5.0,,Positive
100363874,beli-harddisk-eksternal,Utamy A.,5.0,Product oke sesuai destkripsi..dapet Tas backpack jga..recomend seller..good dah pkknya,Positive
100363874,beli-harddisk-eksternal,bambang P.,5.0,Laptop nya dikirim sangat top modal kaciwa,Positive
100363874,beli-harddisk-eksternal,Lazada Customer,5.0,Sesuai dengan keinginan dan kebutuhan,Positive
100363874,beli-harddisk-eksternal,Ahmad S.,5.0,"Paket sudah saya terima, terlambat sedikit pengirimannya tapi tidak apa apa. Thanks‚Äã Lazada",Positive
100363874,beli-harddisk-eksternal,Sopian,5.0,,Positive
100363874,beli-harddisk-eksternal,Lazada Customer,5.0,,Positive
100363874,beli-harddisk-eksternal,Lazada Customer,5.0,,Positive
100363874,beli-harddisk-eksternal,Cilla Z.,5.0,,Positive
100363874,beli-harddisk-eksternal,Yusri K.,1.0,,Negative
100363874,beli-harddisk-eksternal,anak A.,5.0,,Positive
100363934,beli-harddisk-eksternal,Deniel,5.0,Respon cepat dan pengiriman cepat via go send,Positive
100363934,beli-harddisk-eksternal,azarya p.,5.0,,Positive
10041426,beli-harddisk-eksternal,Radius H.,5.0,,Positive
10041426,beli-harddisk-eksternal,Mia,5.0,"Flashdisk baru, waktu pas beli lagi diskon, packagingnya jga rapih so far so good",Positive
10041426,beli-harddisk-eksternal,Lazada Customer,5.0,,Positive
10041426,beli-harddisk-eksternal,Ikbal,5.0,"Barang cepet sampe, thanks",Positive
10041426,beli-harddisk-eksternal,Rizki R.,5.0,,Positive
10041478,beli-harddisk-eksternal,Tommy,4.0,"Brg sesuai , cuma delivery agak lama",Positive
10041478,beli-harddisk-eksternal,Nur R.,5.0,"Ok deh, mantep",Positive
10041478,beli-harddisk-eksternal,Agustinus S.,5.0,,Positive
10041478,beli-harddisk-eksternal,Anita T.,5.0,,Positive
10041478,beli-harddisk-eksternal,Lazada Guest,5.0,"flashdisk sandisk ok banget ada bonus lagi, terima kasih",Positive
10041478,beli-harddisk-eksternal,john,5.0,barangnya bagus untuk harga semurah ini,Positive
100443971,beli-harddisk-eksternal,Maulidin,3.0,,Neutral
100551647,beli-harddisk-eksternal,LUTHFI A.,3.0,,Neutral
100560370,beli-harddisk-eksternal,Shernell T.,5.0,,Positive
100560860,beli-harddisk-eksternal,Sinanuri S.,4.0,,Positive
100564515,beli-harddisk-eksternal,Tita M.,2.0,Gan saya pesan warna biru kok yang datang warna merah?,Negative
100564515,beli-harddisk-eksternal,Riki A.,4.0,,Positive
100564515,beli-harddisk-eksternal,Muhammad A.,5.0,,Positive
100564515,beli-harddisk-eksternal,Yayan H.,5.0,,Positive
100564515,beli-harddisk-eksternal,Surya,1.0,,Negative
100570199,beli-harddisk-eksternal,Muhammad M.,3.0,"8 hari baru sampai, sistemnya kosong root saja tampil jadi hrs install ulang,, packingan rapi dan tersegel",Neutral
100571392,beli-harddisk-eksternal,I n.,2.0,Barang yg di kirim tidak sesuai dengan yang di tampilkan,Negative
100571392,beli-harddisk-eksternal,Meilawaty,5.0,,Positive
100571392,beli-harddisk-eksternal,ADI S.,3.0,,Neutral
100571392,beli-harddisk-eksternal,Aulia F.,5.0,,Positive
100571392,beli-harddisk-eksternal,Alawi A.,2.0,,Negative
100571392,beli-harddisk-eksternal,febri a.,5.0,,Positive
100571835,beli-harddisk-eksternal,Candra C.,5.0,,Positive
100580784,beli-harddisk-eksternal,Sonny S.,5.0,"Barang sudah sampe, untuk pengriman ke Kupang NTT waktunya termasuk cepat, packing safe dan rapi. Barang sesuai gambar dan spek yang ditawarkan. Tx lazada + kenkez",Positive
100580784,beli-harddisk-eksternal,Didik I.,5.0,,Positive
100580784,beli-harddisk-eksternal,A. A.,5.0,,Positive
100580784,beli-harddisk-eksternal,pungki H.,5.0,,Positive
100580784,beli-harddisk-eksternal,Lazada Customer,5.0,,Positive
100580784,beli-harddisk-eksternal,Fitria W.,5.0,,Positive
100580784,beli-harddisk-eksternal,Fitria W.,5.0,Tengkyuu.... Barangnya nyampe tepat waktu.... Packing rapi dan savety banget .. Recommended seller,Positive
100581238,beli-harddisk-eksternal,Mon R.,4.0,"Terlambat satu hari, karena kurir sampai dikantor pada malam hari. Jd besoknya baru bisa saya terima. Tp barang saya terima dengan baik. Terima kasih",Positive
100581238,beli-harddisk-eksternal,nat T.,5.0,Barang sesuai pemesanan. Pengiriman cepat(Jakarta),Positive
100581238,beli-harddisk-eksternal,Andi A.,5.0,"Harddisk berjalan dengan baik, kelengkapan juga oke",Positive
100582501,beli-harddisk-eksternal,Lazada Customer,1.0,"2bulan pake crashed, pdhl ga prnah jatoh",Negative
100582501,beli-harddisk-eksternal,harry d.,5.0,,Positive
100582501,beli-harddisk-eksternal,harry d.,5.0,"Jum'at pesan besoknya nyampai,  Barang bagus, tdk ada cacatnya,  Terima kasih Lazada.",Positive
100590773,beli-harddisk-eksternal,Ricky P.,5.0,"Maaf baru sempat review.  Secara umum cukup puas dengan layanan penjual. Packing bagus, rapih dan aman. Fisik barang sesuai gambar dan ulasan yang ada di website, hanya saya mis-informasi aja karena ternyata HD External WD ini gak dapat sarungnya.  Overall, saya rekomendasi sellernya. Thanks dan tingkatkan selalu pelayanannya, Sukses!!",Positive
100623310,beli-harddisk-eksternal,Lazada Customer,5.0,mantapppp....,Positive
100623310,beli-harddisk-eksternal,KARTINI,5.0,,Positive
100623310,beli-harddisk-eksternal,Lazada Customer,5.0,,Positive
100623310,beli-harddisk-eksternal,lambok J.,5.0,,Positive
100623310,beli-harddisk-eksternal,Lazada Customer,3.0,,Neutral
100623310,beli-harddisk-eksternal,Kurnia N.,5.0,,Positive
100623324,beli-harddisk-eksternal,Izharrudin,5.0,"bagus, sesuai pesanan",Positive
100623324,beli-harddisk-eksternal,Hanifah -.,5.0,"Flashdisk nya lucu,, sesuai dengan gambar pokoknya suka",Positive
100623324,beli-harddisk-eksternal,Willem,2.0,Cukup memuaskan,Negative
100623324,beli-harddisk-eksternal,Lazada Customer,5.0,,Positive
100623324,beli-harddisk-eksternal,Ahmad A.,4.0,Sip,Positive
100623324,beli-harddisk-eksternal,Sachi S.,5.0,"Diresponnya cepat, 2 hari datang, USB nya gak mengecewakan, sama kayak yang digambar",Positive
100627725,beli-harddisk-eksternal,Eka F.,4.0,barang diantar dengan cepat dan sesuai dengan penjelasan yang ada. penjual merespondengan cepat.,Positive
100630566,beli-harddisk-eksternal,Lazada Customer,4.0,Wkt baca2 di keterangannya ini bkn ori alias kw tp coba krn review yg lain jg ok. Tp memang ok bgt bs dipakai dgn baik. Bole yg mau beli..,Positive
100630566,beli-harddisk-eksternal,Panji S.,3.0,barang nya sesuai dan mulus di bungkus rapi,Neutral
100630566,beli-harddisk-eksternal,siti K.,5.0,bagus,Positive
100630566,beli-harddisk-eksternal,Lazada Customer,5.0,,Positive
100630566,beli-harddisk-eksternal,Suroto,5.0,,Positive
100630566,beli-harddisk-eksternal,Auliya U.,4.0,,Positive
100630566,beli-harddisk-eksternal,Wiwik S.,4.0,,Positive
100630566,beli-harddisk-eksternal,Yunia,4.0,,Positive
100645246,beli-harddisk-eksternal,Nassuri,5.0,"Matul bangetz barangnya berfungsi sesuai harapan, sukses trus bwt toko dan lazada, pengiriman super cepat blum waktunya udah lngsung dikirim mantul dah poko'e",Positive
100645246,beli-harddisk-eksternal,Lazada Customer,5.0,Maap Bru ksi ulasan.barang yampe dengan slamt dan  Aman Tpi belum di coba krna belum sempet Moga awet dan dan bagus üôè,Positive
100645246,beli-harddisk-eksternal,Lazada Customer,5.0,,Positive
100645246,beli-harddisk-eksternal,Napsiah S.,5.0,,Positive
100645246,beli-harddisk-eksternal,Alisyaq L.,4.0,,Positive
100645246,beli-harddisk-eksternal,Lazada Customer,5.0,,Positive
100645246,beli-harddisk-eksternal,andri K.,5.0,,Positive
100645246,beli-harddisk-eksternal,Lilik S.,4.0,,Positive
100671263,beli-harddisk-eksternal,Lazada Customer,5.0,"barang sesuai pesanan, pengiriman tepat waktu, paking rapih, puas banget",Positive
100671263,beli-harddisk-eksternal,Ganang A.,5.0,,Positive
100671263,beli-harddisk-eksternal,Verly T.,5.0,ok,Positive
100696720,beli-harddisk-eksternal,Alethia H.,3.0,Item arrived in perfect condition and still working well until today. Fast delivery and great customer service/communication.  Thanks,Neutral
100696720,beli-harddisk-eksternal,Syintia D.,1.0,"Ini cuman My Passport biasa, bukan My Passport ULTRA, tulis deskripsi yang bener ya...",Negative
100696720,beli-harddisk-eksternal,Yunita G.,5.0,Awet...,Positive
100928315,beli-harddisk-eksternal,CITRA M.,2.0,,Negative
100928315,beli-harddisk-eksternal,Obby A.,5.0,Untuk semua hardisk kah gan ?,Positive
100934823,beli-harddisk-eksternal,M. M.,5.0,,Positive
100938513,beli-harddisk-eksternal,Achmad T.,5.0,"Product ok, sesuai dengan foto,pengiriman lebih cepat dari estimasi,ok",Positive
100938513,beli-harddisk-eksternal,Ilyas A.,5.0,,Positive
100938513,beli-harddisk-eksternal,Gunaidi,5.0,,Positive
100938513,beli-harddisk-eksternal,rizky A.,4.0,good,Positive
100938513,beli-harddisk-eksternal,Edward,2.0,,Negative
100938513,beli-harddisk-eksternal,Ryan,5.0,,Positive
100944134,beli-harddisk-eksternal,wahyu r.,4.0,,Positive
100990051,beli-harddisk-eksternal,Lazada Customer,4.0,,Positive
100990051,beli-harddisk-eksternal,ANANG P.,5.0,Barang sesuai gambar dan bagus,Positive
100990051,beli-harddisk-eksternal,Andi U.,1.0,tidak sesuai gambar,Negative
101118955,beli-harddisk-eksternal,Lazada Guest,1.0,"3 kali cicilan,maksudnya 3 bln ya,persyaratan untuk kredit apa aja ya.",Negative
101118955,beli-harddisk-eksternal,Lazada Guest,2.0,Kualitas barangny bisa di jamin g ya,Negative
101118955,beli-harddisk-eksternal,Lazada Guest,3.0,Klu saya mau beli tv di lazada di jamin g ya kualitasnya.,Neutral
101119036,beli-harddisk-eksternal,Lazada Guest,3.0,Gmna,Neutral
101159363,beli-harddisk-eksternal,Rima A.,5.0,"Barang sampai dengan baik, packingnya bagus. Isi kotaknya lengkap, ada : casing hdd, kabel male-to-male, obeng kecil, baut, sama wadah luar. Alhamdulillaah bisa digunakan dengan baik, semoga awet. Terima kasih :)",Positive
101159363,beli-harddisk-eksternal,Ari S.,5.0,"Pengiriman cepat, Packing rapi dan aman.  Barang sesuai deskripsi. Mulai dati pemasangan sampai pemakaian tak ada kendala, bekerja dengan normal.",Positive
101159363,beli-harddisk-eksternal,Arysto A.,5.0,Packing rapih Semoga awet Thanks lazada,Positive
101159363,beli-harddisk-eksternal,Willyam C.,5.0,packingnya rapi barangnya bagus dan murah tq,Positive
101159363,beli-harddisk-eksternal,reza a.,3.0,Lumayan lah untuk harga segini. Sayang ngebaca hdd 700gb lemot euy,Neutral
101159363,beli-harddisk-eksternal,Ukat S.,5.0,"Cukup puas barang..., trima ksih lazada",Positive
101159363,beli-harddisk-eksternal,Lazada Customer,4.0,,Positive
101159363,beli-harddisk-eksternal,Entis R.,5.0,,Positive
101159363,beli-harddisk-eksternal,Andi S.,5.0,bagus ..,Positive
101159363,beli-harddisk-eksternal,Teguh D.,5.0,,Positive
101159363,beli-harddisk-eksternal,Lazada Customer,3.0,,Neutral
101159363,beli-harddisk-eksternal,Diat E.,5.0,,Positive
101159363,beli-harddisk-eksternal,Lazada Customer,5.0,,Positive
101159363,beli-harddisk-eksternal,Niko F.,5.0,,Positive
101159363,beli-harddisk-eksternal,Lazada Customer,5.0,,Positive
101159363,beli-harddisk-eksternal,Verry S.,4.0,,Positive
101159363,beli-harddisk-eksternal,Coolzzz,4.0,,Positive
101159363,beli-harddisk-eksternal,Monkz-666,3.0,lumayan,Neutral
101159363,beli-harddisk-eksternal,Ahmad S.,4.0,,Positive
101159363,beli-harddisk-eksternal,Fanto B.,5.0,"Barang bekerja dengan baik, harga murah, tapi pengiriman agak lama. Sukses terus lazada.",Positive
101187978,beli-harddisk-eksternal,Sondya L.,5.0,"Cepat sampai, original, sudah di test dan sekarang jd tandem SSD intel saya, terima kasih.",Positive
101187978,beli-harddisk-eksternal,Fandevis,5.0,good,Positive
101187982,beli-harddisk-eksternal,ZURYANA,4.0,pengiriman cepat barang bagus,Positive
101187982,beli-harddisk-eksternal,Adi L.,5.0,"recomended, thx",Positive
101187982,beli-harddisk-eksternal,Dhanang P.,5.0,,Positive
101207851,beli-harddisk-eksternal,Rayqa,4.0,sesuai tapi powerbanknya ringan sekali (sesuai harga sih...),Positive
101207851,beli-harddisk-eksternal,Richard P.,1.0,,Negative
101257301,beli-harddisk-eksternal,cica O.,5.0,barang dipacking kuat dan rapih..cepat sampai sesuai estimasi..trimakasih kotakom...,Positive
101257301,beli-harddisk-eksternal,yamin,4.0,,Positive
101257301,beli-harddisk-eksternal,Chawadiest J.,5.0,,Positive
101389649,beli-harddisk-eksternal,panji f.,5.0,"Barang di pesan tanggal13 juli  Tgl14 barang sudah di kirim  Tanggal 26 barang sampai Memang sedikit lama,tapi saya maklum kok karena barang nya dari luar negri Packing rapi Barang berfungsi dengan baik",Positive
101389649,beli-harddisk-eksternal,Ajman N.,5.0,good dan bisa di pake,Positive
101389649,beli-harddisk-eksternal,Ed,5.0,,Positive
101390442,beli-harddisk-eksternal,ferry s.,1.0,"Udah hampir 2 minggu barang belum jg nyampe.order tgl 27 april 2017,status pesanan masi aja dlm proses.gmana ni lazada?",Negative
101390442,beli-harddisk-eksternal,khaerun s.,5.0,"Barangnya udah sampai, thanks lazada",Positive
101390442,beli-harddisk-eksternal,Riyan H.,1.0,"Mohon bantuan nya, kok barangnya belom sampai udh 21hari sy tunggu gag kunjung datang, mohon diperhatikan ! Terima kasih",Negative
101390442,beli-harddisk-eksternal,Velarde A.,5.0,,Positive
101423283,beli-harddisk-eksternal,yogi t.,5.0,,Positive
101431744,beli-harddisk-eksternal,Adam R.,5.0,"Barang datang cepat, mulus.. semoga tidak ada masalah kedepannya",Positive
101457364,beli-harddisk-eksternal,Meriyah,3.0,"Hanya bisa menyimpan sedikit file, padahal kapasitas 16 GB. Sebagian besar file lainnya tidak bisa terbaca padahal sudah saya coba beberapa kali.",Neutral
101457364,beli-harddisk-eksternal,ibnu l.,1.0,Tidak bisa menyimpan data,Negative
101457364,beli-harddisk-eksternal,Edo R.,5.0,Ga kecewa deh barang keren kemasan rapih makasih bos,Positive
101457364,beli-harddisk-eksternal,Evan S.,3.0,,Neutral
101457364,beli-harddisk-eksternal,Muhammad S.,5.0,Barang oke,Positive
101457364,beli-harddisk-eksternal,Lazada Guest,1.0,Karna tidak bisa nyimpan film dan data,Negative
101460895,beli-harddisk-eksternal,chotimah,5.0,,Positive
101479369,beli-harddisk-eksternal,jamal F.,5.0,Bagus produknya,Positive
101479369,beli-harddisk-eksternal,Yen Z.,5.0,"pesanan saya yg ini belum saya terima, kenapa dibuat sudah saya terima?!  Tolong dong ini dicek lagi.",Positive
101479369,beli-harddisk-eksternal,Lazada Customer,5.0,,Positive
101479369,beli-harddisk-eksternal,Mulyadi H.,5.0,barangnya bagus,Positive
101479369,beli-harddisk-eksternal,Dedeh D.,5.0,blom keterima,Positive
101479369,beli-harddisk-eksternal,Iqbal J.,5.0,,Positive
101479369,beli-harddisk-eksternal,Achiranto L.,5.0,Produk nya mantap üëç,Positive
101479369,beli-harddisk-eksternal,Lazada Customer,5.0,So far so good,Positive
101479369,beli-harddisk-eksternal,Ni P.,4.0,Barang ok. Kiriman tepat waktu,Positive
101479369,beli-harddisk-eksternal,venny,5.0,,Positive
101479369,beli-harddisk-eksternal,nola Y.,5.0,,Positive
101479369,beli-harddisk-eksternal,Iyus W.,5.0,,Positive
101479369,beli-harddisk-eksternal,Sri W.,5.0,,Positive
101479369,beli-harddisk-eksternal,timur D.,5.0,,Positive
101479369,beli-harddisk-eksternal,eru S.,5.0,,Positive
101479369,beli-harddisk-eksternal,Lazada Customer,5.0,,Positive
101479369,beli-harddisk-eksternal,Lazada Customer,5.0,,Positive
101479369,beli-harddisk-eksternal,Vika M.,5.0,,Positive
101479369,beli-harddisk-eksternal,azilla F.,5.0,,Positive
101479369,beli-harddisk-eksternal,Agus P.,4.0,,Positive
101479369,beli-harddisk-eksternal,Lazada Customer,5.0,,Positive
101479369,beli-harddisk-eksternal,Siti M.,5.0,,Positive
101479369,beli-harddisk-eksternal,Lazada Customer,3.0,,Neutral
101479369,beli-harddisk-eksternal,Gunawan A.,5.0,,Positive
101479369,beli-harddisk-eksternal,Lazada Customer,4.0,,Positive
101479369,beli-harddisk-eksternal,annisa R.,5.0,,Positive
101479369,beli-harddisk-eksternal,Rifky P.,5.0,,Positive
101479369,beli-harddisk-eksternal,Miny B.,5.0,sesuai,Positive
101479371,beli-harddisk-eksternal,Helmi A.,5.0,Barang Bagus tapi sayang pengiriman dari pihak J&T barangnya kesasar ke kota Pamekasan.  padahal sudah tercantum kota Sampang.  Utk J&T lebih hati-hati lagi ya.  untung tidak hilang barangnya.  utk Seller TOP Fast Response.,Positive
101479371,beli-harddisk-eksternal,moch A.,5.0,barang nyampai dgn mulus tdk ada cacat,Positive
101479371,beli-harddisk-eksternal,fahmi A.,5.0,Thanks lazada barang nya sesuai expektasi...,Positive
101479371,beli-harddisk-eksternal,kang W.,5.0,"barang good, pengiriman cepat, kurir mantap ramah, makasih lazada",Positive
101479371,beli-harddisk-eksternal,andriyanto,5.0,barang berfungsi normal...semoga awet...,Positive
101479371,beli-harddisk-eksternal,Mumtaz A.,5.0,barang sesuai deskripsi dan orderan..,Positive
101479371,beli-harddisk-eksternal,Mohamad Z.,5.0,"Falshdisk bagus,, berfungsi dengan baik,,",Positive
101479371,beli-harddisk-eksternal,GIGIH H.,5.0,"barang sesuai pesanan, mantab",Positive
101479371,beli-harddisk-eksternal,Mokhammad R.,5.0,thx lazada semoga fdnya awet,Positive
101479371,beli-harddisk-eksternal,Yunanto A.,5.0,"pengiriman cepat, smoga awet..",Positive
101479371,beli-harddisk-eksternal,KURNIAWAN,5.0,"pengiriman cepat, brgnya mantapüëçüëçüëç",Positive
101479371,beli-harddisk-eksternal,Mhd A.,5.0,sampai dgn selamat dan aman,Positive
101479371,beli-harddisk-eksternal,Lazada Customer,5.0,saya belum terima barangnya,Positive
101479371,beli-harddisk-eksternal,Ahzan L.,4.0,,Positive
101479371,beli-harddisk-eksternal,Trio T.,5.0,"Brg ok, sampai cepat",Positive
101479371,beli-harddisk-eksternal,Mimih G.,5.0,,Positive
101479371,beli-harddisk-eksternal,Ida M.,5.0,,Positive
101479371,beli-harddisk-eksternal,Cahaya G.,5.0,,Positive
101479371,beli-harddisk-eksternal,Aji P.,4.0,,Positive
101479371,beli-harddisk-eksternal,Haliza N.,5.0,,Positive
101479371,beli-harddisk-eksternal,Lazada Customer,5.0,,Positive
101479371,beli-harddisk-eksternal,ema H.,5.0,,Positive
101479371,beli-harddisk-eksternal,Lazada Customer,5.0,,Positive
101479371,beli-harddisk-eksternal,Ivan K.,5.0,,Positive
101479371,beli-harddisk-eksternal,Andi Y.,4.0,,Positive
101479371,beli-harddisk-eksternal,Baktiar S.,5.0,,Positive
101479371,beli-harddisk-eksternal,agus K.,5.0,,Positive
101479371,beli-harddisk-eksternal,Lazada Customer,5.0,,Positive
101479371,beli-harddisk-eksternal,Vreeza B.,5.0,,Positive
101479371,beli-harddisk-eksternal,Haliza N.,5.0,,Positive
101479371,beli-harddisk-eksternal,Angga B.,5.0,,Positive
101479371,beli-harddisk-eksternal,Christtine N.,5.0,,Positive
101479371,beli-harddisk-eksternal,Herlinda,5.0,,Positive
101479371,beli-harddisk-eksternal,Jong Y.,5.0,,Positive
101479371,beli-harddisk-eksternal,Ad P.,4.0,,Positive
101479371,beli-harddisk-eksternal,Tommy E.,5.0,,Positive
101479371,beli-harddisk-eksternal,Wira P.,5.0,,Positive
101479371,beli-harddisk-eksternal,samden,5.0,,Positive
101479371,beli-harddisk-eksternal,Lazada Customer,5.0,,Positive
101479371,beli-harddisk-eksternal,Eko S.,5.0,good,Positive
101479371,beli-harddisk-eksternal,Aris M.,5.0,,Positive
101479371,beli-harddisk-eksternal,Hendri A.,5.0,,Positive
101479371,beli-harddisk-eksternal,Ahmad K.,4.0,,Positive
101479371,beli-harddisk-eksternal,Adolf A.,5.0,Mantap,Positive
101479371,beli-harddisk-eksternal,Lazada Customer,5.0,,Positive
101479371,beli-harddisk-eksternal,Ahmad K.,4.0,,Positive
101479371,beli-harddisk-eksternal,RuudJR R.,5.0,sip,Positive
101479371,beli-harddisk-eksternal,Lazada Customer,3.0,,Neutral
101479371,beli-harddisk-eksternal,Andibasthian,5.0,,Positive
101479372,beli-harddisk-eksternal,Deden R.,5.0,,Positive
101479374,beli-harddisk-eksternal,Hendrik,4.0,"Pengiriman on time. Cuman packing sederhana sekali, tanpa bubble wrap.",Positive
101479374,beli-harddisk-eksternal,fariadi,5.0,,Positive
101479374,beli-harddisk-eksternal,marolop R.,5.0,,Positive
101479374,beli-harddisk-eksternal,Lazada Customer,5.0,,Positive
101479375,beli-harddisk-eksternal,Muhammad R.,5.0,,Positive
101479376,beli-harddisk-eksternal,ebhyt,3.0,,Neutral
101479376,beli-harddisk-eksternal,Livvy M.,5.0,,Positive
101479377,beli-harddisk-eksternal,adi S.,5.0,,Positive
101479377,beli-harddisk-eksternal,Lazada Customer,5.0,,Positive
101479379,beli-harddisk-eksternal,Agus,5.0,Kurir baik n bertanggungjawab Barang sesuai spesifikasi semoga awet ya...,Positive
101479379,beli-harddisk-eksternal,Lazada Customer,5.0,barang cepat sampai & sesuai pesanan,Positive
101479379,beli-harddisk-eksternal,Mamahnya D.,5.0,"barang ok,kemasan rapih...",Positive
101479379,beli-harddisk-eksternal,randi O.,5.0,,Positive
101479379,beli-harddisk-eksternal,sofiyatun,5.0,,Positive
101479379,beli-harddisk-eksternal,Lazada Customer,5.0,,Positive
101479379,beli-harddisk-eksternal,Michael I.,5.0,,Positive
101479379,beli-harddisk-eksternal,trian P.,5.0,,Positive
101479379,beli-harddisk-eksternal,Jondri,5.0,barang oke,Positive
101479379,beli-harddisk-eksternal,andi P.,4.0,,Positive
101479379,beli-harddisk-eksternal,Iyan Y.,5.0,good,Positive
101479379,beli-harddisk-eksternal,yuli S.,5.0,,Positive
101479379,beli-harddisk-eksternal,LISA A.,5.0,,Positive
101479379,beli-harddisk-eksternal,Daryanto,5.0,,Positive
101479379,beli-harddisk-eksternal,Christtine N.,5.0,,Positive
101479380,beli-harddisk-eksternal,Lazada Customer,5.0,mantap sesuai pesanan nih mah pokok nya joss,Positive
101479380,beli-harddisk-eksternal,Christtine N.,5.0,,Positive
101523246,beli-harddisk-eksternal,Denny V.,5.0,bagus dan sangat sesuai dengan kebutuhan,Positive
101523246,beli-harddisk-eksternal,Lucky,5.0,,Positive
101528155,beli-harddisk-eksternal,Teguh M.,4.0,"Lumayan dengan harga segitu, packing rapih, pengiriman cepat, semoga tidak ada kendala",Positive
101528155,beli-harddisk-eksternal,Lazada Guest,5.0,"Mudah mudahan bisa beli laptop mahals, kalo bisa beli asus rog aja wkwk",Positive
101528155,beli-harddisk-eksternal,Anonymous,5.0,Pengen beli budget ga cukup,Positive
101528155,beli-harddisk-eksternal,Lazada Guest,4.0,"Yah lumayan lah,tapi saya ketemu ram 16gb ddr4 pake rx460 i7 6700hq malah 9 jutaan",Positive
101528155,beli-harddisk-eksternal,Lazada Guest,5.0,"Tunggu gua jual lepi lama gua, ama ngutang tetangga sebelah, nanti gua beli",Positive
101528155,beli-harddisk-eksternal,Lazada Guest,4.0,Apa produk aslinya sesuai dgn yg di gambar ini?,Positive
101528155,beli-harddisk-eksternal,Lazada Guest,5.0,Dikantong cuma ada 15rb,Positive
101528155,beli-harddisk-eksternal,Jual A.,5.0,,Positive
101528155,beli-harddisk-eksternal,.,2.0,.,Negative
101533221,beli-harddisk-eksternal,Haji A.,4.0,"Bagi Yang Minat Order/Pesan Barang Kami,Silahkan Add WhatsApp/WA.085200343400..Langsung Dari Reseller Toko..Terimah Kasih.",Positive
101535545,beli-harddisk-eksternal,devy s.,3.0,,Neutral
